ticker,name,market,has_features
095570,AJ네트웍스,KOSPI,False
006840,AK홀딩스,KOSPI,False
027410,BGF,KOSPI,False
282330,BGF리테일,KOSPI,False
138930,BNK금융지주,KOSPI,False
001460,BYC,KOSPI,False
001465,BYC우,KOSPI,False
001040,CJ,KOSPI,False
079160,CJ CGV,KOSPI,False
00104K,CJ4우(전환),KOSPI,False
000120,CJ대한통운,KOSPI,False
011150,CJ씨푸드,KOSPI,False
011155,CJ씨푸드1우,KOSPI,False
001045,CJ우,KOSPI,False
097950,CJ제일제당,KOSPI,False
097955,CJ제일제당 우,KOSPI,False
000480,CR홀딩스,KOSPI,False
000590,CS홀딩스,KOSPI,False
012030,DB,KOSPI,False
005830,DB손해보험,KOSPI,False
016610,DB증권,KOSPI,False
000990,DB하이텍,KOSPI,False
000300,DH오토넥스,KOSPI,False
001530,DI동일,KOSPI,False
015590,DKME,KOSPI,False
000210,DL,KOSPI,False
000215,DL우,KOSPI,False
375500,DL이앤씨,KOSPI,False
37550L,DL이앤씨2우(전환),KOSPI,False
37550K,DL이앤씨우,KOSPI,False
007340,DN오토모티브,KOSPI,True
004840,DRB동일,KOSPI,False
155660,DSR,KOSPI,True
069730,DSR제강,KOSPI,False
017860,DS단석,KOSPI,False
092780,DYP,KOSPI,False
017940,E1,KOSPI,False
365550,ESR켄달스퀘어리츠,KOSPI,False
383220,F&F,KOSPI,False
007700,F&F홀딩스,KOSPI,False
114090,GKL,KOSPI,False
078930,GS,KOSPI,False
006360,GS건설,KOSPI,False
001250,GS글로벌,KOSPI,False
007070,GS리테일,KOSPI,False
078935,GS우,KOSPI,False
499790,GS피앤엘,KOSPI,False
012630,HDC,KOSPI,False
039570,HDC랩스,KOSPI,False
089470,HDC현대EP,KOSPI,False
294870,HDC현대산업개발,KOSPI,False
267270,HD건설기계,KOSPI,False
009540,HD한국조선해양,KOSPI,False
267250,HD현대,KOSPI,False
443060,HD현대마린솔루션,KOSPI,False
071970,HD현대마린엔진,KOSPI,False
322000,HD현대에너지솔루션,KOSPI,False
267260,HD현대일렉트릭,KOSPI,False
329180,HD현대중공업,KOSPI,False
097230,HJ중공업,KOSPI,False
014790,HL D&I,KOSPI,False
003580,HLB글로벌,KOSPI,False
204320,HL만도,KOSPI,False
060980,HL홀딩스,KOSPI,False
011200,HMM,KOSPI,False
035000,HS애드,KOSPI,False
002460,HS화성,KOSPI,False
487570,HS효성,KOSPI,True
298050,HS효성첨단소재,KOSPI,False
015360,INVENI,KOSPI,False
175330,JB금융지주,KOSPI,False
234080,JW생명과학,KOSPI,False
001060,JW중외제약,KOSPI,False
001067,JW중외제약2우B,KOSPI,False
001065,JW중외제약우,KOSPI,False
096760,JW홀딩스,KOSPI,False
008970,KBI동양철관,KOSPI,False
105560,KB금융,KOSPI,False
415640,KB발해인프라,KOSPI,False
432320,KB스타리츠,KOSPI,False
002380,KCC,KOSPI,False
344820,KCC글라스,KOSPI,False
009070,KCTC,KOSPI,False
009440,KC그린홀딩스,KOSPI,False
119650,KC코트렐,KOSPI,False
092220,KEC,KOSPI,False
003620,KG모빌리티,KOSPI,False
016380,KG스틸,KOSPI,False
001390,KG케미칼,KOSPI,False
001940,KISCO홀딩스,KOSPI,False
025000,KPX케미칼,KOSPI,False
092230,KPX홀딩스,KOSPI,False
000040,KR모터스,KOSPI,False
044450,KSS해운,KOSPI,False
030200,KT,KOSPI,False
033780,KT&G,KOSPI,False
058850,KTcs,KOSPI,False
058860,KTis,KOSPI,False
093050,LF,KOSPI,False
003550,LG,KOSPI,False
034220,LG디스플레이,KOSPI,False
051900,LG생활건강,KOSPI,False
051905,LG생활건강우,KOSPI,False
064400,LG씨엔에스,KOSPI,False
373220,LG에너지솔루션,KOSPI,False
003555,LG우,KOSPI,False
032640,LG유플러스,KOSPI,False
011070,LG이노텍,KOSPI,False
066570,LG전자,KOSPI,False
066575,LG전자우,KOSPI,False
037560,LG헬로비전,KOSPI,False
051910,LG화학,KOSPI,False
051915,LG화학우,KOSPI,False
079550,LIG넥스원,KOSPI,False
006260,LS,KOSPI,False
010120,LS ELECTRIC,KOSPI,False
000680,LS네트웍스,KOSPI,False
229640,LS에코에너지,KOSPI,False
108320,LX세미콘,KOSPI,False
001120,LX인터내셔널,KOSPI,False
108670,LX하우시스,KOSPI,False
108675,LX하우시스우,KOSPI,False
383800,LX홀딩스,KOSPI,False
38380K,LX홀딩스1우,KOSPI,False
023150,MH에탄올,KOSPI,False
035420,NAVER,KOSPI,False
181710,NHN,KOSPI,False
400760,NH올원리츠,KOSPI,False
005940,NH투자증권,KOSPI,False
005945,NH투자증권우,KOSPI,False
338100,NH프라임리츠,KOSPI,False
034310,NICE,KOSPI,False
030190,NICE평가정보,KOSPI,False
008260,NI스틸,KOSPI,False
004250,NPC,KOSPI,False
004255,NPC우,KOSPI,False
456040,OCI,KOSPI,False
010060,OCI홀딩스,KOSPI,False
178920,PI첨단소재,KOSPI,False
001340,PKC,KOSPI,False
005490,POSCO홀딩스,KOSPI,False
010950,S-Oil,KOSPI,True
010955,S-Oil우,KOSPI,False
034120,SBS,KOSPI,False
003080,SB성보,KOSPI,False
005090,SGC에너지,KOSPI,False
001380,SG글로벌,KOSPI,False
004060,SG세계물산,KOSPI,False
001770,SHD,KOSPI,False
002360,SH에너지화학,KOSPI,False
009160,SIMPAC,KOSPI,False
033530,SJG세종,KOSPI,False
123700,SJM,KOSPI,False
025530,SJM홀딩스,KOSPI,False
034730,SK,KOSPI,False
011790,SKC,KOSPI,False
018670,SK가스,KOSPI,False
001740,SK네트웍스,KOSPI,False
006120,SK디스커버리,KOSPI,False
006125,SK디스커버리우,KOSPI,False
210980,SK디앤디,KOSPI,False
395400,SK리츠,KOSPI,False
302440,SK바이오사이언스,KOSPI,False
326030,SK바이오팜,KOSPI,False
402340,SK스퀘어,KOSPI,False
361610,SK아이이테크놀로지,KOSPI,False
100090,SK오션플랜트,KOSPI,False
03473K,SK우,KOSPI,False
096770,SK이노베이션,KOSPI,False
096775,SK이노베이션우,KOSPI,False
475150,SK이터닉스,KOSPI,False
001510,SK증권,KOSPI,False
001515,SK증권우,KOSPI,False
285130,SK케미칼,KOSPI,False
28513K,SK케미칼우,KOSPI,False
017670,SK텔레콤,KOSPI,True
000660,SK하이닉스,KOSPI,False
003570,SNT다이내믹스,KOSPI,False
064960,SNT모티브,KOSPI,True
100840,SNT에너지,KOSPI,False
036530,SNT홀딩스,KOSPI,False
005610,SPC삼립,KOSPI,False
011810,STX,KOSPI,False
465770,STX그린로지스,KOSPI,False
077970,STX엔진,KOSPI,False
002820,SUN&L,KOSPI,False
084870,TBH글로벌,KOSPI,False
002710,TCC스틸,KOSPI,False
069260,TKG휴켐스,KOSPI,False
007980,TP,KOSPI,False
002900,TYM,KOSPI,False
024070,WISCOM,KOSPI,False
037270,YG PLUS,KOSPI,False
139130,iM금융지주,KOSPI,False
000500,가온전선,KOSPI,False
000860,강남제비스코,KOSPI,False
035250,강원랜드,KOSPI,True
011420,갤럭시아에스엠,KOSPI,False
002100,경농,KOSPI,False
009450,경동나비엔,KOSPI,False
267290,경동도시가스,KOSPI,False
012320,경동인베스트,KOSPI,False
000050,경방,KOSPI,False
214390,경보제약,KOSPI,False
012610,경인양행,KOSPI,False
009140,경인전자,KOSPI,False
013580,계룡건설,KOSPI,False
012200,계양전기,KOSPI,False
012205,계양전기우,KOSPI,False
002140,고려산업,KOSPI,False
010130,고려아연,KOSPI,False
002240,고려제강,KOSPI,True
009290,광동제약,KOSPI,False
017040,광명전기,KOSPI,False
017900,광전자,KOSPI,False
037710,광주신세계,KOSPI,False
030610,교보증권,KOSPI,False
339770,교촌에프앤비,KOSPI,False
007690,국도화학,KOSPI,False
002720,국제약품,KOSPI,False
083420,그린케미칼,KOSPI,False
014530,극동유화,KOSPI,False
014280,금강공업,KOSPI,False
014285,금강공업우,KOSPI,False
008870,금비,KOSPI,False
001570,금양,KOSPI,False
002990,금호건설,KOSPI,False
002995,금호건설우,KOSPI,False
011780,금호석유화학,KOSPI,False
011785,금호석유화학우,KOSPI,False
214330,금호에이치티,KOSPI,False
001210,금호전기,KOSPI,False
073240,금호타이어,KOSPI,False
092440,기신정기,KOSPI,True
000270,기아,KOSPI,False
024110,기업은행,KOSPI,False
013700,까뮤이앤씨,KOSPI,False
004540,깨끗한나라,KOSPI,False
004545,깨끗한나라우,KOSPI,False
001260,남광토건,KOSPI,False
008350,남선알미늄,KOSPI,False
008355,남선알미우,KOSPI,False
004270,남성,KOSPI,False
003920,남양유업,KOSPI,False
003925,남양유업우,KOSPI,False
025860,남해화학,KOSPI,False
005720,넥센,KOSPI,False
005725,넥센우,KOSPI,False
002350,넥센타이어,KOSPI,False
002355,넥센타이어1우B,KOSPI,False
092790,넥스틸,KOSPI,False
251270,넷마블,KOSPI,False
090350,노루페인트,KOSPI,False
090355,노루페인트우,KOSPI,False
000320,노루홀딩스,KOSPI,False
000325,노루홀딩스우,KOSPI,False
006280,녹십자,KOSPI,False
005250,녹십자홀딩스,KOSPI,False
005257,녹십자홀딩스2우,KOSPI,False
004370,농심,KOSPI,False
072710,농심홀딩스,KOSPI,False
058730,다스코,KOSPI,False
030210,다올투자증권,KOSPI,False
023590,다우기술,KOSPI,False
145210,다이나믹디자인,KOSPI,False
483650,달바글로벌,KOSPI,False
019680,대교,KOSPI,False
019685,대교우B,KOSPI,False
006370,대구백화점,KOSPI,False
008060,대덕,KOSPI,False
00806K,대덕1우,KOSPI,False
353200,대덕전자,KOSPI,False
35320K,대덕전자1우,KOSPI,False
000490,대동,KOSPI,False
008110,대동전자,KOSPI,False
005750,대림바스,KOSPI,False
006570,대림통상,KOSPI,False
001680,대상,KOSPI,False
001685,대상우,KOSPI,False
084690,대상홀딩스,KOSPI,False
084695,대상홀딩스우,KOSPI,False
128820,대성산업,KOSPI,False
117580,대성에너지,KOSPI,False
016710,대성홀딩스,KOSPI,False
0030R0,대신밸류리츠,KOSPI,False
003540,대신증권,KOSPI,False
003547,대신증권2우B,KOSPI,False
003545,대신증권우,KOSPI,False
009190,대양금속,KOSPI,False
014160,대영포장,KOSPI,False
047040,대우건설,KOSPI,False
003090,대웅,KOSPI,False
069620,대웅제약,KOSPI,False
000430,대원강업,KOSPI,False
006340,대원전선,KOSPI,False
006345,대원전선우,KOSPI,False
003220,대원제약,KOSPI,True
024890,대원화성,KOSPI,False
002880,대유에이텍,KOSPI,False
012800,대창,KOSPI,False
015230,대창단조,KOSPI,False
001070,대한방직,KOSPI,False
006650,대한유화,KOSPI,False
001440,대한전선,KOSPI,False
084010,대한제강,KOSPI,False
001790,대한제당,KOSPI,False
001795,대한제당우,KOSPI,False
001130,대한제분,KOSPI,False
439260,대한조선,KOSPI,False
003490,대한항공,KOSPI,False
003495,대한항공우,KOSPI,False
005880,대한해운,KOSPI,False
003830,대한화섬,KOSPI,False
016090,대현,KOSPI,False
069460,대호에이엘,KOSPI,False
475560,더본코리아,KOSPI,False
192080,더블유게임즈,KOSPI,False
012510,더존비즈온,KOSPI,False
004830,덕성,KOSPI,False
004835,덕성우,KOSPI,False
145720,덴티움,KOSPI,False
002150,도화엔지니어링,KOSPI,False
460850,동국씨엠,KOSPI,False
460860,동국제강,KOSPI,False
001230,동국홀딩스,KOSPI,False
023450,동남합성,KOSPI,False
004140,동방,KOSPI,False
007590,동방아그로,KOSPI,False
005960,동부건설,KOSPI,False
005965,동부건설우,KOSPI,False
026960,동서,KOSPI,False
002210,동성제약,KOSPI,False
102260,동성케미컬,KOSPI,False
000640,동아쏘시오홀딩스,KOSPI,False
170900,동아에스티,KOSPI,False
028100,동아지질,KOSPI,False
001520,동양,KOSPI,False
001527,동양2우B,KOSPI,False
084670,동양고속,KOSPI,False
082640,동양생명,KOSPI,False
001525,동양우,KOSPI,False
018500,동원금속,KOSPI,False
006040,동원산업,KOSPI,False
030720,동원수산,KOSPI,False
014820,동원시스템즈,KOSPI,False
014825,동원시스템즈우,KOSPI,False
111380,동인기연,KOSPI,False
163560,동일고무벨트,KOSPI,False
004890,동일산업,KOSPI,False
002690,동일제강,KOSPI,False
000020,동화약품,KOSPI,False
000150,두산,KOSPI,False
000157,두산2우B,KOSPI,False
454910,두산로보틱스,KOSPI,False
241560,두산밥캣,KOSPI,True
034020,두산에너빌리티,KOSPI,False
000155,두산우,KOSPI,False
336260,두산퓨얼셀,KOSPI,False
33626K,두산퓨얼셀1우,KOSPI,False
33626L,두산퓨얼셀2우B,KOSPI,False
016740,두올,KOSPI,False
192650,드림텍,KOSPI,False
024090,디씨엠,KOSPI,False
003160,디아이,KOSPI,False
092200,디아이씨,KOSPI,False
377190,디앤디플랫폼리츠,KOSPI,False
013570,디와이,KOSPI,False
024900,디와이덕양,KOSPI,False
210540,디와이파워,KOSPI,False
032350,롯데관광개발,KOSPI,False
089860,롯데렌탈,KOSPI,False
330590,롯데리츠,KOSPI,False
000400,롯데손해보험,KOSPI,False
023530,롯데쇼핑,KOSPI,False
020150,롯데에너지머티리얼즈,KOSPI,False
280360,롯데웰푸드,KOSPI,False
286940,롯데이노베이트,KOSPI,False
004000,롯데정밀화학,KOSPI,False
004990,롯데지주,KOSPI,False
00499K,롯데지주우,KOSPI,False
005300,롯데칠성,KOSPI,False
005305,롯데칠성우,KOSPI,False
011170,롯데케미칼,KOSPI,False
071840,롯데하이마트,KOSPI,False
027740,마니커,KOSPI,False
357430,마스턴프리미어리츠,KOSPI,False
001080,만호제강,KOSPI,False
088980,맥쿼리인프라,KOSPI,True
094800,맵스리얼티,KOSPI,False
138040,메리츠금융지주,KOSPI,False
090370,메타랩스,KOSPI,False
118000,메타케어,KOSPI,False
017180,명문제약,KOSPI,False
009900,명신산업,KOSPI,False
317450,명인제약,KOSPI,False
012690,모나리자,KOSPI,False
005360,모나미,KOSPI,False
070960,모나용평,KOSPI,False
009680,모토닉,KOSPI,False
009580,무림P&P,KOSPI,False
009200,무림페이퍼,KOSPI,False
033920,무학,KOSPI,False
008420,문배철강,KOSPI,False
025560,미래산업,KOSPI,False
007120,미래아이앤지,KOSPI,False
396690,미래에셋글로벌리츠,KOSPI,False
357250,미래에셋맵스리츠,KOSPI,False
085620,미래에셋생명,KOSPI,False
006800,미래에셋증권,KOSPI,False
00680K,미래에셋증권2우B,KOSPI,False
006805,미래에셋증권우,KOSPI,True
081660,미스토홀딩스,KOSPI,True
002840,미원상사,KOSPI,False
268280,미원에스씨,KOSPI,False
107590,미원홀딩스,KOSPI,False
134380,미원화학,KOSPI,False
003650,미창석유,KOSPI,False
377740,바이오노트,KOSPI,False
003610,방림,KOSPI,False
035150,백산,KOSPI,False
002410,범양건영,KOSPI,False
007210,벽산,KOSPI,False
002760,보락,KOSPI,False
003850,보령,KOSPI,False
000890,보해양조,KOSPI,False
003000,부광약품,KOSPI,False
001270,부국증권,KOSPI,False
001275,부국증권우,KOSPI,False
026940,부국철강,KOSPI,False
011390,부산산업,KOSPI,False
005030,부산주공,KOSPI,False
006740,블루산업개발,KOSPI,False
002070,비비안,KOSPI,False
100220,비상교육,KOSPI,False
090460,비에이치,KOSPI,False
005180,빙그레,KOSPI,False
003960,사조대림,KOSPI,False
008040,사조동아원,KOSPI,False
007160,사조산업,KOSPI,False
014710,사조씨푸드,KOSPI,False
006090,사조오양,KOSPI,False
062040,산일전기,KOSPI,False
001470,삼부토건,KOSPI,False
028050,삼성E&A,KOSPI,True
448730,삼성FN리츠,KOSPI,False
006400,삼성SDI,KOSPI,False
006405,삼성SDI우,KOSPI,False
006660,삼성공조,KOSPI,False
028260,삼성물산,KOSPI,False
02826K,삼성물산우B,KOSPI,False
207940,삼성바이오로직스,KOSPI,True
032830,삼성생명,KOSPI,False
018260,삼성에스디에스,KOSPI,False
0126Z0,삼성에피스홀딩스,KOSPI,False
009150,삼성전기,KOSPI,False
009155,삼성전기우,KOSPI,False
005930,삼성전자,KOSPI,False
005935,삼성전자우,KOSPI,False
001360,삼성제약,KOSPI,False
010140,삼성중공업,KOSPI,False
016360,삼성증권,KOSPI,False
068290,삼성출판사,KOSPI,False
029780,삼성카드,KOSPI,False
000810,삼성화재,KOSPI,False
000815,삼성화재우,KOSPI,False
006110,삼아알미늄,KOSPI,False
0120G0,삼양바이오팜,KOSPI,False
145990,삼양사,KOSPI,False
145995,삼양사우,KOSPI,False
003230,삼양식품,KOSPI,False
002170,삼양통상,KOSPI,False
272550,삼양패키징,KOSPI,False
000070,삼양홀딩스,KOSPI,False
003720,삼영,KOSPI,False
002810,삼영무역,KOSPI,False
005680,삼영전자,KOSPI,False
023000,삼원강재,KOSPI,False
004380,삼익THK,KOSPI,False
002450,삼익악기,KOSPI,False
004440,삼일씨엔에스,KOSPI,False
000520,삼일제약,KOSPI,False
009770,삼정펄프,KOSPI,False
005500,삼진제약,KOSPI,False
004690,삼천리,KOSPI,False
010960,삼호개발,KOSPI,False
004450,삼화왕관,KOSPI,False
009470,삼화전기,KOSPI,True
011230,삼화전자,KOSPI,False
001820,삼화콘덴서,KOSPI,False
000390,삼화페인트,KOSPI,False
001290,상상인증권,KOSPI,False
041650,상신브레이크,KOSPI,False
075180,새론오토모티브,KOSPI,False
007540,샘표,KOSPI,False
248170,샘표식품,KOSPI,False
007860,서연,KOSPI,False
200880,서연이화,KOSPI,False
017390,서울가스,KOSPI,False
031210,서울보증보험,KOSPI,False
004410,서울식품,KOSPI,False
004415,서울식품우,KOSPI,False
021050,서원,KOSPI,False
008490,서흥,KOSPI,False
007610,선도전기,KOSPI,False
136490,선진,KOSPI,False
014910,성문전자,KOSPI,False
014915,성문전자우,KOSPI,False
004980,성신양회,KOSPI,False
004985,성신양회우,KOSPI,False
011300,성안머티리얼스,KOSPI,False
000180,성창기업지주,KOSPI,False
002420,세기상사,KOSPI,False
004360,세방,KOSPI,False
004365,세방우,KOSPI,False
004490,세방전지,KOSPI,False
001430,세아베스틸지주,KOSPI,False
306200,세아제강,KOSPI,False
003030,세아제강지주,KOSPI,False
058650,세아홀딩스,KOSPI,False
013000,세우글로벌,KOSPI,False
021820,세원정공,KOSPI,False
067830,세이브존I&C,KOSPI,False
075580,세진중공업,KOSPI,False
068270,셀트리온,KOSPI,False
336370,솔루스첨단소재,KOSPI,False
33637K,솔루스첨단소재1우,KOSPI,False
33637L,솔루스첨단소재2우B,KOSPI,False
248070,솔루엠,KOSPI,True
004430,송원산업,KOSPI,False
017550,수산세보틱스,KOSPI,False
126720,수산인더스트리,KOSPI,False
053210,스카이라이프,KOSPI,False
204210,스타에스엠리츠,KOSPI,False
026890,스틱인베스트먼트,KOSPI,False
134790,시디즈,KOSPI,False
462870,시프트업,KOSPI,False
016590,신대양제지,KOSPI,False
029530,신도리코,KOSPI,False
004970,신라교역,KOSPI,False
011930,신성이엔지,KOSPI,False
004170,신세계,KOSPI,False
035510,신세계 I&C,KOSPI,False
031430,신세계인터내셔날,KOSPI,False
031440,신세계푸드,KOSPI,True
006880,신송홀딩스,KOSPI,False
005800,신영와코루,KOSPI,False
001720,신영증권,KOSPI,False
009270,신원,KOSPI,False
002700,신일전자,KOSPI,False
002870,신풍,KOSPI,False
019170,신풍제약,KOSPI,False
019175,신풍제약우,KOSPI,False
481850,신한글로벌액티브리츠,KOSPI,False
404990,신한서부티엔디리츠,KOSPI,False
293940,신한알파리츠,KOSPI,True
055550,신한지주,KOSPI,False
004080,신흥,KOSPI,False
004770,써니전자,KOSPI,False
403550,쏘카,KOSPI,False
004920,씨아이테크,KOSPI,False
112610,씨에스윈드,KOSPI,False
480370,씨케이솔루션,KOSPI,False
308170,씨티알모빌리티,KOSPI,False
008700,아남전자,KOSPI,False
090430,아모레퍼시픽,KOSPI,True
090435,아모레퍼시픽우,KOSPI,False
002790,아모레퍼시픽홀딩스,KOSPI,False
00279K,아모레퍼시픽홀딩스3우C,KOSPI,False
002795,아모레퍼시픽홀딩스우,KOSPI,False
002030,아세아,KOSPI,False
183190,아세아시멘트,KOSPI,False
002310,아세아제지,KOSPI,False
012170,아센디오,KOSPI,True
267850,아시아나IDT,KOSPI,False
020560,아시아나항공,KOSPI,False
122900,아이마켓코리아,KOSPI,False
010780,아이에스동서,KOSPI,False
031820,아이티센씨티에스,KOSPI,False
139990,아주스틸,KOSPI,False
009320,아진전자부품,KOSPI,False
001780,알루코,KOSPI,False
018250,애경산업,KOSPI,True
161000,애경케미칼,KOSPI,False
011090,에넥스,KOSPI,False
137310,에스디바이오센서,KOSPI,False
005850,에스엘,KOSPI,False
010580,에스엠벡셀,KOSPI,False
012750,에스원,KOSPI,False
023960,에쓰씨엔지니어링,KOSPI,False
298690,에어부산,KOSPI,False
140910,에이리츠,KOSPI,False
078520,에이블씨엔씨,KOSPI,False
015260,에이엔피,KOSPI,False
007460,에이프로젠,KOSPI,False
003060,에이프로젠바이오로직스,KOSPI,False
244920,에이플러스에셋,KOSPI,False
278470,에이피알,KOSPI,False
450080,에코프로머티,KOSPI,False
019490,엑시큐어하이트론,KOSPI,False
036570,엔씨소프트,KOSPI,True
085310,엔케이,KOSPI,False
900140,엘브이엠씨홀딩스,KOSPI,False
066970,엘앤에프,KOSPI,False
097520,엠씨넥스,KOSPI,False
484870,엠앤씨솔루션,KOSPI,False
014440,영보화학,KOSPI,False
111770,영원무역,KOSPI,False
009970,영원무역홀딩스,KOSPI,False
003520,영진약품,KOSPI,False
000670,영풍,KOSPI,False
012280,영화금속,KOSPI,True
012160,영흥,KOSPI,False
007310,오뚜기,KOSPI,False
002630,오리엔트바이오,KOSPI,False
271560,오리온,KOSPI,False
001800,오리온홀딩스,KOSPI,False
005320,온타이드,KOSPI,False
011690,와이투솔루션,KOSPI,False
316140,우리금융지주,KOSPI,False
006980,우성,KOSPI,False
017370,우신시스템,KOSPI,False
105840,우진,KOSPI,False
010400,우진아이엔에스,KOSPI,False
049800,우진플라임,KOSPI,False
016880,웅진,KOSPI,False
095720,웅진씽크빅,KOSPI,False
005820,원림,KOSPI,False
008600,윌비스,KOSPI,False
033270,유나이티드제약,KOSPI,False
014830,유니드,KOSPI,False
446070,유니드비티플러스,KOSPI,False
000910,유니온,KOSPI,False
047400,유니온머티리얼,KOSPI,False
011330,유니켐,KOSPI,False
077500,유니퀘스트,KOSPI,False
002920,유성기업,KOSPI,False
000700,유수홀딩스,KOSPI,False
003470,유안타증권,KOSPI,False
003475,유안타증권우,KOSPI,False
072130,유엔젤,KOSPI,False
000220,유유제약,KOSPI,False
000225,유유제약1우,KOSPI,False
000227,유유제약2우B,KOSPI,False
001200,유진투자증권,KOSPI,False
000100,유한양행,KOSPI,False
000105,유한양행우,KOSPI,False
003460,유화증권,KOSPI,False
003465,유화증권우,KOSPI,False
008730,율촌화학,KOSPI,False
008250,이건산업,KOSPI,False
025820,이구산업,KOSPI,False
214320,이노션,KOSPI,True
088260,이리츠코크렙,KOSPI,False
139480,이마트,KOSPI,False
457190,이수스페셜티케미컬,KOSPI,False
007660,이수페타시스,KOSPI,False
005950,이수화학,KOSPI,False
015020,이스타코,KOSPI,False
074610,이엔플러스,KOSPI,False
102460,이연제약,KOSPI,False
084680,이월드,KOSPI,False
350520,이지스레지던스리츠,KOSPI,False
334890,이지스밸류플러스리츠,KOSPI,False
000760,이화산업,KOSPI,False
014990,인디에프,KOSPI,False
101140,인바이오젠,KOSPI,False
006490,인스코비,KOSPI,False
023800,인지컨트롤스,KOSPI,False
034590,인천도시가스,KOSPI,False
129260,인터지스,KOSPI,False
023810,인팩,KOSPI,False
249420,일동제약,KOSPI,False
000230,일동홀딩스,KOSPI,False
013360,일성건설,KOSPI,False
003120,일성아이에스,KOSPI,False
003200,일신방직,KOSPI,False
007110,일신석재,KOSPI,False
007570,일양약품,KOSPI,False
007575,일양약품우,KOSPI,False
008500,일정실업,KOSPI,False
081000,일진다이아,KOSPI,False
020760,일진디스플,KOSPI,False
103590,일진전기,KOSPI,False
271940,일진하이솔루스,KOSPI,False
015860,일진홀딩스,KOSPI,False
226320,잇츠한불,KOSPI,False
317400,자이에스앤디,KOSPI,False
033240,자화전자,KOSPI,False
000950,전방,KOSPI,False
079900,전진건설로봇,KOSPI,False
348950,제이알글로벌리츠,KOSPI,False
194370,제이에스코퍼레이션,KOSPI,False
030000,제일기획,KOSPI,False
271980,제일약품,KOSPI,False
001560,제일연마,KOSPI,False
002620,제일파마홀딩스,KOSPI,False
006220,제주은행,KOSPI,False
089590,제주항공,KOSPI,False
004910,조광페인트,KOSPI,False
004700,조광피혁,KOSPI,False
001550,조비,KOSPI,True
462520,조선내화,KOSPI,False
120030,조선선재,KOSPI,False
018470,조일알미늄,KOSPI,False
002600,조흥,KOSPI,False
185750,종근당,KOSPI,False
063160,종근당바이오,KOSPI,False
001630,종근당홀딩스,KOSPI,False
109070,주성코퍼레이션,KOSPI,False
044380,주연테크,KOSPI,False
013890,지누스,KOSPI,False
013870,지엠비코리아,KOSPI,False
071320,지역난방공사,KOSPI,False
088790,진도,KOSPI,False
003780,진양산업,KOSPI,False
010640,진양폴리,KOSPI,False
100250,진양홀딩스,KOSPI,False
051630,진양화학,KOSPI,False
272450,진에어,KOSPI,False
011000,진원생명과학,KOSPI,False
002780,진흥기업,KOSPI,False
002787,진흥기업2우B,KOSPI,False
002785,진흥기업우B,KOSPI,False
025620,차AI헬스케어,KOSPI,False
009310,참엔지니어링,KOSPI,False
000650,천일고속,KOSPI,False
033250,체시스,KOSPI,False
035720,카카오,KOSPI,False
323410,카카오뱅크,KOSPI,False
377300,카카오페이,KOSPI,False
006380,카프로,KOSPI,False
001620,케이비아이동국실업,KOSPI,False
029460,케이씨,KOSPI,False
281820,케이씨텍,KOSPI,False
381970,케이카,KOSPI,False
145270,케이탑리츠,KOSPI,False
417310,코람코더원리츠,KOSPI,False
357120,코람코라이프인프라리츠,KOSPI,False
007815,코리아써우,KOSPI,False
007810,코리아써키트,KOSPI,False
00781K,코리아써키트2우B,KOSPI,False
003690,코리안리,KOSPI,False
192820,코스맥스,KOSPI,False
044820,코스맥스비티아이,KOSPI,False
005070,코스모신소재,KOSPI,False
005420,코스모화학,KOSPI,False
071950,코아스,KOSPI,False
002020,코오롱,KOSPI,False
138490,코오롱ENP,KOSPI,False
003070,코오롱글로벌,KOSPI,False
003075,코오롱글로벌우,KOSPI,False
002025,코오롱우,KOSPI,False
120110,코오롱인더,KOSPI,False
120115,코오롱인더우,KOSPI,False
021240,코웨이,KOSPI,False
036420,콘텐트리중앙,KOSPI,False
024720,콜마홀딩스,KOSPI,False
192400,쿠쿠홀딩스,KOSPI,False
284740,쿠쿠홈시스,KOSPI,False
264900,크라운제과,KOSPI,False
26490K,크라운제과우,KOSPI,False
005740,크라운해태홀딩스,KOSPI,True
005745,크라운해태홀딩스우,KOSPI,False
259960,크래프톤,KOSPI,False
020120,키다리스튜디오,KOSPI,False
039490,키움증권,KOSPI,False
014580,태경비케이,KOSPI,False
015890,태경산업,KOSPI,False
006890,태경케미컬,KOSPI,False
003240,태광산업,KOSPI,False
011280,태림포장,KOSPI,False
004100,태양금속,KOSPI,False
004105,태양금속우,KOSPI,False
009410,태영건설,KOSPI,False
009415,태영건설우,KOSPI,False
001420,태원물산,KOSPI,False
055490,테이팩스,KOSPI,False
078000,텔코웨어,KOSPI,False
214420,토니모리,KOSPI,False
019180,티에이치엔,KOSPI,False
217590,티엠씨,KOSPI,False
363280,티와이홀딩스,KOSPI,False
36328K,티와이홀딩스우,KOSPI,False
091810,티웨이항공,KOSPI,False
004870,티웨이홀딩스,KOSPI,False
034230,파라다이스,KOSPI,True
005690,파미셀,KOSPI,False
036580,팜스코,KOSPI,False
004720,팜젠사이언스,KOSPI,False
028670,팬오션,KOSPI,False
010820,퍼스텍,KOSPI,False
016800,퍼시스,KOSPI,False
001020,페이퍼코리아,KOSPI,False
090080,평화산업,KOSPI,False
010770,평화홀딩스,KOSPI,False
022100,포스코DX,KOSPI,False
058430,포스코스틸리온,KOSPI,False
047050,포스코인터내셔널,KOSPI,False
003670,포스코퓨처엠,KOSPI,False
017810,풀무원,KOSPI,False
103140,풍산,KOSPI,False
005810,풍산홀딩스,KOSPI,False
950210,프레스티지바이오파마,KOSPI,False
009810,플레이그램,KOSPI,False
086790,하나금융지주,KOSPI,False
293480,하나제약,KOSPI,False
039130,하나투어,KOSPI,False
352820,하이브,KOSPI,False
071090,하이스틸,KOSPI,False
000080,하이트진로,KOSPI,False
000087,하이트진로2우B,KOSPI,False
000140,하이트진로홀딩스,KOSPI,False
000145,하이트진로홀딩스우,KOSPI,False
152550,한국ANKOR유전,KOSPI,False
036460,한국가스공사,KOSPI,False
005430,한국공항,KOSPI,False
071050,한국금융지주,KOSPI,False
071055,한국금융지주우,KOSPI,True
010040,한국내화,KOSPI,False
025540,한국단자,KOSPI,False
010100,한국무브넥스,KOSPI,False
004090,한국석유,KOSPI,False
002200,한국수출포장,KOSPI,False
002960,한국쉘석유,KOSPI,False
000240,한국앤컴퍼니,KOSPI,False
123890,한국자산신탁,KOSPI,False
015760,한국전력,KOSPI,False
006200,한국전자홀딩스,KOSPI,False
027970,한국제지,KOSPI,False
023350,한국종합기술,KOSPI,False
025890,한국주강,KOSPI,False
000970,한국주철관,KOSPI,False
104700,한국철강,KOSPI,False
017960,한국카본,KOSPI,False
161890,한국콜마,KOSPI,False
161390,한국타이어앤테크놀로지,KOSPI,False
034830,한국토지신탁,KOSPI,False
007280,한국특강,KOSPI,False
047810,한국항공우주,KOSPI,False
123690,한국화장품,KOSPI,False
003350,한국화장품제조,KOSPI,False
011500,한농화성,KOSPI,False
002390,한독,KOSPI,False
053690,한미글로벌,KOSPI,False
042700,한미반도체,KOSPI,False
008930,한미사이언스,KOSPI,False
128940,한미약품,KOSPI,False
009240,한샘,KOSPI,False
020000,한섬,KOSPI,False
003680,한성기업,KOSPI,False
105630,한세실업,KOSPI,False
069640,한세엠케이,KOSPI,False
016450,한세예스24홀딩스,KOSPI,False
009180,한솔로지스틱스,KOSPI,False
213500,한솔제지,KOSPI,False
014680,한솔케미칼,KOSPI,False
004710,한솔테크닉스,KOSPI,False
004150,한솔홀딩스,KOSPI,False
025750,한솔홈데코,KOSPI,False
004960,한신공영,KOSPI,False
011700,한신기계,KOSPI,False
001750,한양증권,KOSPI,False
001755,한양증권우,KOSPI,False
018880,한온시스템,KOSPI,False
009420,한올바이오파마,KOSPI,False
014130,한익스프레스,KOSPI,False
300720,한일시멘트,KOSPI,False
002220,한일철강,KOSPI,True
003300,한일홀딩스,KOSPI,False
051600,한전KPS,KOSPI,False
052690,한전기술,KOSPI,False
130660,한전산업,KOSPI,False
002320,한진,KOSPI,False
003480,한진중공업홀딩스,KOSPI,False
180640,한진칼,KOSPI,False
18064K,한진칼우,KOSPI,False
005110,한창,KOSPI,False
009460,한창제지,KOSPI,False
372910,한컴라이프케어,KOSPI,False
000880,한화,KOSPI,False
00088K,한화3우B,KOSPI,False
452260,한화갤러리아,KOSPI,False
45226K,한화갤러리아우,KOSPI,False
451800,한화리츠,KOSPI,False
489790,한화비전,KOSPI,False
088350,한화생명,KOSPI,False
000370,한화손해보험,KOSPI,False
009830,한화솔루션,KOSPI,False
009835,한화솔루션우,KOSPI,False
272210,한화시스템,KOSPI,False
012450,한화에어로스페이스,KOSPI,False
082740,한화엔진,KOSPI,False
042660,한화오션,KOSPI,False
003530,한화투자증권,KOSPI,False
003535,한화투자증권우,KOSPI,False
195870,해성디에스,KOSPI,False
101530,해태제과식품,KOSPI,False
143210,핸즈코퍼레이션,KOSPI,False
000720,현대건설,KOSPI,False
000725,현대건설우,KOSPI,False
453340,현대그린푸드,KOSPI,False
086280,현대글로비스,KOSPI,False
064350,현대로템,KOSPI,False
079430,현대리바트,KOSPI,True
012330,현대모비스,KOSPI,False
069960,현대백화점,KOSPI,False
004560,현대비앤지스틸,KOSPI,False
004310,현대약품,KOSPI,False
017800,현대엘리베이터,KOSPI,False
307950,현대오토에버,KOSPI,False
011210,현대위아,KOSPI,False
004020,현대제철,KOSPI,False
005440,현대지에프홀딩스,KOSPI,False
005380,현대차,KOSPI,False
005387,현대차2우B,KOSPI,False
005389,현대차3우B,KOSPI,False
005385,현대차우,KOSPI,False
001500,현대차증권,KOSPI,False
011760,현대코퍼레이션,KOSPI,False
227840,현대코퍼레이션홀딩스,KOSPI,False
126560,현대퓨처넷,KOSPI,False
001450,현대해상,KOSPI,False
057050,현대홈쇼핑,KOSPI,False
093240,형지엘리트,KOSPI,False
003010,혜인,KOSPI,False
111110,호전실업,KOSPI,False
008770,호텔신라,KOSPI,False
008775,호텔신라우,KOSPI,False
378850,화승알앤에이,KOSPI,False
241590,화승엔터프라이즈,KOSPI,False
006060,화승인더,KOSPI,False
013520,화승코퍼레이션,KOSPI,False
010690,화신,KOSPI,False
133820,화인베스틸,KOSPI,False
010660,화천기계,KOSPI,False
000850,화천기공,KOSPI,False
016580,환인제약,KOSPI,False
032560,황금에스티,KOSPI,False
004800,효성,KOSPI,False
094280,효성ITX,KOSPI,False
298040,효성중공업,KOSPI,False
298020,효성티앤씨,KOSPI,False
298000,효성화학,KOSPI,False
093370,후성,KOSPI,False
005870,휴니드,KOSPI,False
079980,휴비스,KOSPI,False
005010,휴스틸,KOSPI,False
000540,흥국화재,KOSPI,False
000545,흥국화재우,KOSPI,False
003280,흥아해운,KOSPI,False
060310,3S,KOSDAQ,False
054620,APS,KOSDAQ,False
265520,AP시스템,KOSDAQ,False
211270,AP위성,KOSDAQ,False
139050,BF랩스,KOSDAQ,False
126600,BGF에코머티리얼즈,KOSDAQ,False
083790,CG인바이츠,KOSDAQ,False
035760,CJ ENM,KOSDAQ,False
311690,CJ 바이오사이언스,KOSDAQ,False
051500,CJ프레시웨이,KOSDAQ,False
058820,CMG제약,KOSDAQ,False
056730,CNT85,KOSDAQ,False
065770,CS,KOSDAQ,False
083660,CSA 코스믹,KOSDAQ,False
477760,DB금융스팩12호,KOSDAQ,True
099520,DGI,KOSDAQ,True
290120,DH오토리드,KOSDAQ,False
025440,DH오토웨어,KOSDAQ,False
068790,DMS,KOSDAQ,False
241520,DSC인베스트먼트,KOSDAQ,False
180400,DXVX,KOSDAQ,False
418620,E8,KOSDAQ,False
245620,EDGC,KOSDAQ,False
037370,EG,KOSDAQ,False
050120,ES큐브,KOSDAQ,False
214270,FSN,KOSDAQ,False
130500,GH신소재,KOSDAQ,False
900290,GRT,KOSDAQ,False
083450,GST,KOSDAQ,True
297890,HB솔루션,KOSDAQ,False
440290,HB인베스트먼트,KOSDAQ,False
078150,HB테크놀러지,KOSDAQ,False
225530,HC보광산업,KOSDAQ,False
060560,HC홈센타,KOSDAQ,False
376270,HEM파마,KOSDAQ,False
195940,HK이노엔,KOSDAQ,False
028300,HLB,KOSDAQ,False
278650,HLB바이오스텝,KOSDAQ,False
067630,HLB생명과학,KOSDAQ,False
024850,HLB이노베이션,KOSDAQ,False
187420,HLB제넥스,KOSDAQ,False
047920,HLB제약,KOSDAQ,False
115450,HLB테라퓨틱스,KOSDAQ,False
046210,HLB파나진,KOSDAQ,False
196300,HLB펩,KOSDAQ,False
403870,HPSP,KOSDAQ,False
036640,HRS,KOSDAQ,False
467930,IBKS제23호스팩,KOSDAQ,False
469480,IBKS제24호스팩,KOSDAQ,False
0099X0,IBKS제25호스팩,KOSDAQ,False
095340,ISC,KOSDAQ,False
950170,JTC,KOSDAQ,False
067290,JW신약,KOSDAQ,False
035900,JYP Ent.,KOSDAQ,False
318000,KBG,KOSDAQ,False
024840,KBI메탈,KOSDAQ,False
024120,KB오토시스,KOSDAQ,False
464680,KB제27호스팩,KOSDAQ,False
478390,KB제29호스팩,KOSDAQ,False
486630,KB제30호스팩,KOSDAQ,False
492220,KB제31호스팩,KOSDAQ,False
0037T0,KB제32호스팩,KOSDAQ,False
0072Z0,KB제33호스팩,KOSDAQ,False
021320,KCC건설,KOSDAQ,False
044180,KD,KOSDAQ,True
046440,KG모빌리언스,KOSDAQ,False
151860,KG에코솔루션,KOSDAQ,False
035600,KG이니시스,KOSDAQ,False
060720,KH바텍,KOSDAQ,False
058400,KNN,KOSDAQ,False
101000,KS인더스트리,KOSDAQ,False
089600,KT나스미디어,KOSDAQ,False
418470,KT밀리의서재,KOSDAQ,False
043610,KT지니뮤직,KOSDAQ,False
122450,KX,KOSDAQ,False
052900,KX하이텍,KOSDAQ,False
036560,KZ정밀,KOSDAQ,False
061970,LB세미콘,KOSDAQ,False
309960,LB인베스트먼트,KOSDAQ,False
225190,LK삼양,KOSDAQ,False
060370,LS마린솔루션,KOSDAQ,False
417200,LS머트리얼즈,KOSDAQ,False
078020,LS증권,KOSDAQ,False
322180,LS티라유텍,KOSDAQ,False
476080,M83,KOSDAQ,False
086960,MDS테크,KOSDAQ,False
160550,NEW,KOSDAQ,False
053290,NE능률,KOSDAQ,False
060250,NHN KCP,KOSDAQ,False
104200,NHN벅스,KOSDAQ,False
063570,NICE인프라,KOSDAQ,False
222160,NPX,KOSDAQ,True
024940,PN풍년,KOSDAQ,False
332570,PS일렉트로닉스,KOSDAQ,False
218410,RFHIC,KOSDAQ,False
327260,RF머트리얼즈,KOSDAQ,False
474610,RF시스템즈,KOSDAQ,False
091340,S&K폴리텍,KOSDAQ,False
419530,SAMG엔터,KOSDAQ,False
019550,SBI인베스트먼트,KOSDAQ,False
246960,SCL사이언스,KOSDAQ,False
099220,SDN,KOSDAQ,False
036540,SFA반도체,KOSDAQ,False
255220,SG,KOSDAQ,False
040610,SG&G,KOSDAQ,False
184230,SGA솔루션즈,KOSDAQ,False
016250,SGC E&C,KOSDAQ,False
357880,SKAI,KOSDAQ,False
048550,SM C&C,KOSDAQ,False
063440,SM Life Design,KOSDAQ,False
067160,SOOP,KOSDAQ,False
289080,SV인베스트먼트,KOSDAQ,False
013720,THE CUBE&,KOSDAQ,False
089230,THE E&M,KOSDAQ,False
032540,TJ미디어,KOSDAQ,False
048770,TPC,KOSDAQ,False
246690,TS인베스트먼트,KOSDAQ,False
317240,TS트릴리온,KOSDAQ,False
057030,YBM넷,KOSDAQ,False
040300,YTN,KOSDAQ,False
051390,YW,KOSDAQ,False
052220,iMBC,KOSDAQ,False
079940,가비아,KOSDAQ,False
078890,가온그룹,KOSDAQ,True
399720,가온칩스,KOSDAQ,False
036620,감성코퍼레이션,KOSDAQ,False
198440,강동씨앤엘,KOSDAQ,False
217730,강스템바이오텍,KOSDAQ,False
114190,강원에너지,KOSDAQ,False
094480,갤럭시아머니트리,KOSDAQ,False
039240,경남스틸,KOSDAQ,False
053950,경남제약,KOSDAQ,False
011040,경동제약,KOSDAQ,False
024910,경창산업,KOSDAQ,False
049720,고려신용정보,KOSDAQ,False
014570,고려제약,KOSDAQ,False
348150,고바이오랩,KOSDAQ,False
950190,고스트스튜디오,KOSDAQ,False
098460,고영,KOSDAQ,False
035290,골드앤에스,KOSDAQ,False
215000,골프존,KOSDAQ,False
121440,골프존홀딩스,KOSDAQ,False
366030,공구우먼,KOSDAQ,False
029480,광무,KOSDAQ,True
026910,광진실업,KOSDAQ,False
465320,교보15호스팩,KOSDAQ,False
482520,교보16호스팩,KOSDAQ,False
489210,교보17호스팩,KOSDAQ,False
0041B0,교보18호스팩,KOSDAQ,False
0098T0,교보19호스팩,KOSDAQ,False
053270,구영테크,KOSDAQ,False
066620,국보디자인,KOSDAQ,False
043650,국순당,KOSDAQ,False
006050,국영지앤엠,KOSDAQ,False
060480,국일신동,KOSDAQ,False
078130,국일제지,KOSDAQ,False
307750,국전약품,KOSDAQ,True
035080,그래디언트,KOSDAQ,False
318060,그래피,KOSDAQ,False
453450,그리드위즈,KOSDAQ,False
204020,그리티,KOSDAQ,False
0015G0,그린광학,KOSDAQ,False
402490,그린리소스,KOSDAQ,False
114450,그린생명과학,KOSDAQ,False
186230,그린플러스,KOSDAQ,True
900070,글로벌에스엠,KOSDAQ,False
204620,글로벌텍스프리,KOSDAQ,False
019660,글로본,KOSDAQ,False
053260,금강철강,KOSDAQ,False
282720,금양그린파워,KOSDAQ,False
036190,금화피에스시,KOSDAQ,False
049080,기가레인,KOSDAQ,False
420770,기가비스,KOSDAQ,False
035460,기산텔레콤,KOSDAQ,False
407400,꿈비,KOSDAQ,False
187790,나노,KOSDAQ,False
121600,나노신소재,KOSDAQ,False
286750,나노실리칸첨단소재,KOSDAQ,False
247660,나노씨엠에스,KOSDAQ,False
039860,나노엔텍,KOSDAQ,False
091970,나노캠텍,KOSDAQ,False
417010,나노팀,KOSDAQ,False
405920,나라셀라,KOSDAQ,False
478340,나라스페이스테크놀로지,KOSDAQ,False
051490,나라엠앤디,KOSDAQ,False
137080,나래나노텍,KOSDAQ,False
190510,나무가,KOSDAQ,False
242040,나무기술,KOSDAQ,False
293580,나우IB,KOSDAQ,False
459510,나우로보틱스,KOSDAQ,False
138610,나이벡,KOSDAQ,False
130580,나이스디앤비,KOSDAQ,False
036800,나이스정보통신,KOSDAQ,False
267320,나인테크,KOSDAQ,False
111710,남화산업,KOSDAQ,False
091590,남화토건,KOSDAQ,False
168330,내츄럴엔도텍,KOSDAQ,False
094860,네오리진,KOSDAQ,False
253590,네오셈,KOSDAQ,False
212560,네오오토,KOSDAQ,False
095660,네오위즈,KOSDAQ,False
042420,네오위즈홀딩스,KOSDAQ,False
950220,네오이뮨텍,KOSDAQ,False
311390,네오크레마,KOSDAQ,False
085910,네오티스,KOSDAQ,False
092730,네오팜,KOSDAQ,False
290660,네오펙트,KOSDAQ,False
153460,네이블,KOSDAQ,False
007390,네이처셀,KOSDAQ,False
033640,네패스,KOSDAQ,False
330860,네패스아크,KOSDAQ,False
351320,넥사다이내믹스,KOSDAQ,False
089140,넥스턴앤롤코리아,KOSDAQ,False
389650,넥스트바이오메디컬,KOSDAQ,False
137940,넥스트아이,KOSDAQ,False
396270,넥스트칩,KOSDAQ,False
348210,넥스틴,KOSDAQ,False
225570,넥슨게임즈,KOSDAQ,False
205500,넥써쓰,KOSDAQ,False
217270,넵튠,KOSDAQ,False
104620,노랑풍선,KOSDAQ,False
473980,노머스,KOSDAQ,False
194700,노바렉스,KOSDAQ,False
285490,노바텍,KOSDAQ,False
145170,노브랜드,KOSDAQ,False
106520,노블엠앤비,KOSDAQ,False
376930,노을,KOSDAQ,False
486990,노타,KOSDAQ,False
142280,녹십자엠에스,KOSDAQ,True
234690,녹십자웰빙,KOSDAQ,False
054050,농우바이오,KOSDAQ,False
069140,누리플랜,KOSDAQ,False
040160,누리플렉스,KOSDAQ,False
332290,누보,KOSDAQ,False
348340,뉴로메카,KOSDAQ,False
380550,뉴로핏,KOSDAQ,False
060260,뉴보텍,KOSDAQ,False
463020,뉴엔AI,KOSDAQ,False
123840,뉴온,KOSDAQ,False
012340,뉴인텍,KOSDAQ,False
462310,뉴키즈온,KOSDAQ,False
270870,뉴트리,KOSDAQ,False
144960,뉴파워프라즈마,KOSDAQ,False
085670,뉴프렉스,KOSDAQ,False
064260,다날,KOSDAQ,False
340360,다보링크,KOSDAQ,False
039560,다산네트웍스,KOSDAQ,False
208860,다산디엠씨,KOSDAQ,False
154040,다산솔루에타,KOSDAQ,False
032190,다우데이타,KOSDAQ,False
323350,다원넥스뷰,KOSDAQ,False
068240,다원시스,KOSDAQ,False
464580,닷밀,KOSDAQ,False
020400,대동금속,KOSDAQ,False
008830,대동기어,KOSDAQ,False
048470,대동스틸,KOSDAQ,False
004780,대륙제관,KOSDAQ,False
017650,대림제지,KOSDAQ,False
389260,대명에너지,KOSDAQ,False
317850,대모,KOSDAQ,False
290670,대보마그네틱,KOSDAQ,False
078140,대봉엘에스,KOSDAQ,False
065150,대산F&B,KOSDAQ,False
036480,대성미생물,KOSDAQ,False
027830,대성창투,KOSDAQ,False
104040,대성파인텍,KOSDAQ,False
129920,대성하이텍,KOSDAQ,False
457630,대신밸런스제16호스팩,KOSDAQ,False
471050,대신밸런스제17호스팩,KOSDAQ,False
482690,대신밸런스제19호스팩,KOSDAQ,False
020180,대신정보통신,KOSDAQ,True
045390,대아티아이,KOSDAQ,False
108380,대양전기공업,KOSDAQ,False
007680,대원,KOSDAQ,False
048910,대원미디어,KOSDAQ,False
005710,대원산업,KOSDAQ,False
120240,대정화금,KOSDAQ,False
003310,대주산업,KOSDAQ,False
078600,대주전자재료,KOSDAQ,True
393970,대진첨단소재,KOSDAQ,False
096350,대창솔루션,KOSDAQ,False
140520,대창스틸,KOSDAQ,False
131220,대한과학,KOSDAQ,False
010170,대한광통신,KOSDAQ,False
054670,대한뉴팜,KOSDAQ,False
023910,대한약품,KOSDAQ,False
021040,대호특수강,KOSDAQ,False
021045,대호특수강우,KOSDAQ,False
067080,대화제약,KOSDAQ,False
298540,더네이쳐홀딩스,KOSDAQ,False
032860,더라미,KOSDAQ,False
393890,더블유씨피,KOSDAQ,True
299170,더블유에스아이,KOSDAQ,False
462860,더즌,KOSDAQ,False
224060,더코디,KOSDAQ,False
043090,더테크놀로지,KOSDAQ,False
403850,더핑크퐁컴퍼니,KOSDAQ,False
213420,덕산네오룩스,KOSDAQ,False
317330,덕산테코피아,KOSDAQ,False
077360,덕산하이메탈,KOSDAQ,False
090410,덕신이피씨,KOSDAQ,False
0001A0,덕양에너젠,KOSDAQ,False
263600,덕우전자,KOSDAQ,False
194480,데브시스터즈,KOSDAQ,False
373160,데이원컴퍼니,KOSDAQ,False
263800,데이타솔루션,KOSDAQ,False
206560,덱스터,KOSDAQ,False
261200,덴티스,KOSDAQ,False
484120,도우인시스,KOSDAQ,False
067990,도이치모터스,KOSDAQ,False
006620,동구바이오제약,KOSDAQ,False
100130,동국S&C,KOSDAQ,False
005160,동국산업,KOSDAQ,False
303810,동국생명과학,KOSDAQ,False
075970,동국알앤에스,KOSDAQ,False
086450,동국제약,KOSDAQ,False
240550,동방메디컬,KOSDAQ,False
099410,동방선기,KOSDAQ,False
033500,동성화인텍,KOSDAQ,False
025950,동신건설,KOSDAQ,False
088130,동아엘텍,KOSDAQ,False
041930,동아화성,KOSDAQ,False
060380,동양에스텍,KOSDAQ,False
079960,동양이엔피,KOSDAQ,False
228340,동양파일,KOSDAQ,False
088910,동우팜투테이블,KOSDAQ,False
094170,동운아나텍,KOSDAQ,False
013120,동원개발,KOSDAQ,False
109860,동일금속,KOSDAQ,False
032960,동일기연,KOSDAQ,False
023790,동일스틸럭스,KOSDAQ,False
005290,동진쎄미켐,KOSDAQ,False
025900,동화기업,KOSDAQ,False
131970,두산테스나,KOSDAQ,False
073190,듀오백,KOSDAQ,False
176750,듀켐바이오,KOSDAQ,False
030350,드래곤플라이,KOSDAQ,False
203650,드림시큐리티,KOSDAQ,False
223250,드림씨아이에스,KOSDAQ,False
060570,드림어스컴퍼니,KOSDAQ,False
362990,드림인사이트,KOSDAQ,False
016670,디모아,KOSDAQ,False
187870,디바이스,KOSDAQ,False
489730,디비금융제13호스팩,KOSDAQ,True
0004Y0,디비금융제14호스팩,KOSDAQ,False
110990,디아이티,KOSDAQ,False
263690,디알젬,KOSDAQ,False
214680,디알텍,KOSDAQ,False
347850,디앤디파마텍,KOSDAQ,False
263720,디앤씨미디어,KOSDAQ,False
376300,디어유,KOSDAQ,False
109740,디에스케이,KOSDAQ,False
031860,디에이치엑스컴퍼니,KOSDAQ,False
196490,디에이테크놀로지,KOSDAQ,False
066900,디에이피,KOSDAQ,False
092070,디엔에프,KOSDAQ,False
039840,디오,KOSDAQ,False
219550,디와이디,KOSDAQ,False
310870,디와이씨,KOSDAQ,False
104460,디와이피엔에프,KOSDAQ,False
079810,디이엔티,KOSDAQ,False
113810,디젠스,KOSDAQ,False
043360,디지아이,KOSDAQ,False
197140,디지캡,KOSDAQ,False
068930,디지털대성,KOSDAQ,False
033130,디지틀조선,KOSDAQ,False
105740,디케이락,KOSDAQ,False
263020,디케이앤디,KOSDAQ,True
290550,디케이티,KOSDAQ,False
066670,디티씨,KOSDAQ,False
187220,디티앤씨,KOSDAQ,False
383930,디티앤씨알오,KOSDAQ,True
131180,딜리,KOSDAQ,False
315640,딥노이드,KOSDAQ,False
317120,라닉스,KOSDAQ,False
462510,라메디텍,KOSDAQ,False
232680,라온로보틱스,KOSDAQ,False
042510,라온시큐어,KOSDAQ,False
418420,라온텍,KOSDAQ,False
300120,라온피플,KOSDAQ,False
171120,라이온켐텍,KOSDAQ,False
388790,라이콤,KOSDAQ,False
214260,라파스,KOSDAQ,False
171010,램테크놀러지,KOSDAQ,False
084650,랩지노믹스,KOSDAQ,False
217500,러셀,KOSDAQ,False
038390,레드캡투어,KOSDAQ,False
294140,레몬,KOSDAQ,False
443250,레뷰코퍼레이션,KOSDAQ,False
228670,레이,KOSDAQ,False
228850,레이언스,KOSDAQ,False
412350,레이저쎌,KOSDAQ,False
199550,레이저옵텍,KOSDAQ,False
281740,레이크머티리얼즈,KOSDAQ,False
277810,레인보우로보틱스,KOSDAQ,False
215100,로보로보,KOSDAQ,False
090360,로보스타,KOSDAQ,False
108490,로보티즈,KOSDAQ,False
900260,로스웰,KOSDAQ,False
033290,로젠,KOSDAQ,False
067730,로지시스,KOSDAQ,False
071280,로체시스템즈,KOSDAQ,False
376900,로킷헬스케어,KOSDAQ,False
214610,롤링스톤,KOSDAQ,False
328130,루닛,KOSDAQ,False
038060,루멘스,KOSDAQ,False
474170,루미르,KOSDAQ,False
141080,리가켐바이오,KOSDAQ,False
058470,리노공업,KOSDAQ,False
016100,리더스코스메틱,KOSDAQ,False
012700,리드코프,KOSDAQ,False
302550,리메드,KOSDAQ,False
491000,리브스메드,KOSDAQ,False
073570,리튬포어스,KOSDAQ,False
377450,리파인,KOSDAQ,True
277070,린드먼아시아,KOSDAQ,False
042500,링네트,KOSDAQ,True
193250,링크드,KOSDAQ,False
474650,링크솔루션,KOSDAQ,False
219420,링크제니시스,KOSDAQ,False
439090,마녀공장,KOSDAQ,False
195500,마니커에프앤지,KOSDAQ,False
377480,마음AI,KOSDAQ,False
305090,마이크로디지탈,KOSDAQ,False
098120,마이크로컨텍솔,KOSDAQ,True
424980,마이크로투나노,KOSDAQ,False
038290,마크로젠,KOSDAQ,False
267980,매일유업,KOSDAQ,False
005990,매일홀딩스,KOSDAQ,False
093520,매커스,KOSDAQ,False
100590,머큐리,KOSDAQ,True
067280,멀티캠퍼스,KOSDAQ,False
072870,메가스터디,KOSDAQ,False
215200,메가스터디교육,KOSDAQ,False
133750,메가엠디,KOSDAQ,False
446540,메가터치,KOSDAQ,False
235980,메드팩토,KOSDAQ,False
041920,메디아나,KOSDAQ,False
014100,메디앙스,KOSDAQ,False
054180,메디콕스,KOSDAQ,False
086900,메디톡스,KOSDAQ,False
078160,메디포스트,KOSDAQ,False
0088D0,메리츠제1호스팩,KOSDAQ,False
408920,메쎄이상,KOSDAQ,False
021880,메이슨캐피탈,KOSDAQ,False
140410,메지온,KOSDAQ,False
241770,메카로,KOSDAQ,False
059210,메타바이오메드,KOSDAQ,False
058110,멕아이씨에스,KOSDAQ,False
072770,멤레이비티,KOSDAQ,False
434480,모니터랩,KOSDAQ,False
080420,모다이노칩,KOSDAQ,False
417970,모델솔루션,KOSDAQ,False
080160,모두투어,KOSDAQ,False
087260,모바일어플라이언스,KOSDAQ,False
101330,모베이스,KOSDAQ,False
012860,모베이스전자,KOSDAQ,False
363260,모비데이즈,KOSDAQ,False
348030,모비릭스,KOSDAQ,False
250060,모비스,KOSDAQ,False
288980,모아데이타,KOSDAQ,False
142760,모아라이프플러스,KOSDAQ,False
033200,모아텍,KOSDAQ,False
333050,모코엠시스,KOSDAQ,False
118990,모트렉스,KOSDAQ,False
463480,모티브링크,KOSDAQ,False
006920,모헨즈,KOSDAQ,False
001810,무림SP,KOSDAQ,False
279600,미디어젠,KOSDAQ,False
095500,미래나노텍,KOSDAQ,False
254490,미래반도체,KOSDAQ,False
218150,미래생명자원,KOSDAQ,False
100790,미래에셋벤처투자,KOSDAQ,False
0097F0,미래에셋비전스팩10호,KOSDAQ,False
0099W0,미래에셋비전스팩11호,KOSDAQ,False
477380,미래에셋비전스팩4호,KOSDAQ,False
477470,미래에셋비전스팩5호,KOSDAQ,False
478440,미래에셋비전스팩6호,KOSDAQ,False
482680,미래에셋비전스팩7호,KOSDAQ,False
0093G0,미래에셋비전스팩8호,KOSDAQ,False
0096D0,미래에셋비전스팩9호,KOSDAQ,False
049950,미래컴퍼니,KOSDAQ,False
207760,미스터블루,KOSDAQ,True
059090,미코,KOSDAQ,False
201490,미투온,KOSDAQ,False
475460,미트박스,KOSDAQ,False
452200,민테크,KOSDAQ,False
206640,바디텍메드,KOSDAQ,False
018700,바른손,KOSDAQ,False
035620,바른손이앤에이,KOSDAQ,False
053030,바이넥스,KOSDAQ,False
301300,바이브컴퍼니,KOSDAQ,False
064550,바이오니아,KOSDAQ,False
314930,바이오다인,KOSDAQ,False
489460,바이오비쥬,KOSDAQ,False
086820,바이오솔루션,KOSDAQ,False
038460,바이오스마트,KOSDAQ,False
251120,바이오에프디엔씨,KOSDAQ,False
199730,바이오인프라,KOSDAQ,False
086040,바이오톡스텍,KOSDAQ,False
188040,바이오포트,KOSDAQ,False
099430,바이오플러스,KOSDAQ,False
032980,바이온,KOSDAQ,False
308080,바이젠셀,KOSDAQ,False
043150,바텍,KOSDAQ,False
323990,박셀바이오,KOSDAQ,False
267790,배럴,KOSDAQ,False
046310,백금T&A,KOSDAQ,True
331520,밸로프,KOSDAQ,False
199480,뱅크웨어글로벌,KOSDAQ,False
438700,버넥트,KOSDAQ,False
066410,버킷스튜디오,KOSDAQ,False
382900,범한퓨얼셀,KOSDAQ,False
206400,베노티앤알,KOSDAQ,False
019010,베뉴지,KOSDAQ,False
177350,베셀,KOSDAQ,False
457600,벡트,KOSDAQ,False
424760,벨로크,KOSDAQ,False
250000,보라티알,KOSDAQ,False
310210,보로노이,KOSDAQ,False
006910,보성파워텍,KOSDAQ,False
226340,본느,KOSDAQ,False
014470,부방,KOSDAQ,False
008470,부스타,KOSDAQ,False
338220,뷰노,KOSDAQ,False
100120,뷰웍스,KOSDAQ,True
406820,뷰티스킨,KOSDAQ,False
099390,브레인즈컴퍼니,KOSDAQ,False
064480,브리지텍,KOSDAQ,False
365900,브이씨,KOSDAQ,False
089970,브이엠,KOSDAQ,False
251630,브이원텍,KOSDAQ,False
018290,브이티,KOSDAQ,False
478560,블랙야크아이앤씨,KOSDAQ,False
439580,블루엠텍,KOSDAQ,False
033560,블루콤,KOSDAQ,False
369370,블리츠웨이엔터테인먼트,KOSDAQ,True
126340,비나텍,KOSDAQ,True
121800,비덴트,KOSDAQ,False
082800,비보존 제약,KOSDAQ,False
318410,비비씨,KOSDAQ,False
419540,비스토스,KOSDAQ,False
146320,비씨엔씨,KOSDAQ,False
200780,비씨월드제약,KOSDAQ,False
413640,비아이매트릭스,KOSDAQ,False
141000,비아트론,KOSDAQ,False
083650,비에이치아이,KOSDAQ,False
473370,비엔케이제2호스팩,KOSDAQ,False
0068Y0,비엔케이제3호스팩,KOSDAQ,False
065170,비엘팜텍,KOSDAQ,False
086670,비엠티,KOSDAQ,False
230980,비유테크놀러지,KOSDAQ,False
488900,비츠로넥스텍,KOSDAQ,False
082920,비츠로셀,KOSDAQ,False
054220,비츠로시스,KOSDAQ,False
042370,비츠로테크,KOSDAQ,False
050090,비케이홀딩스,KOSDAQ,False
148780,비큐AI,KOSDAQ,False
307870,비투엔,KOSDAQ,False
377030,비트맥스,KOSDAQ,True
032850,비트컴퓨터,KOSDAQ,False
049470,비트플래닛,KOSDAQ,False
238200,비피도,KOSDAQ,False
093190,빅솔론,KOSDAQ,False
065450,빅텍,KOSDAQ,False
044480,빌리언스,KOSDAQ,False
069540,빛과전자,KOSDAQ,False
072950,빛샘전자,KOSDAQ,False
451250,삐아,KOSDAQ,False
143240,사람인,KOSDAQ,False
466410,사이냅소프트,KOSDAQ,False
223310,사토시홀딩스,KOSDAQ,False
452430,사피엔반도체,KOSDAQ,False
419120,산돌,KOSDAQ,False
122350,삼기,KOSDAQ,False
419050,삼기에너지솔루션즈,KOSDAQ,False
014970,삼륭물산,KOSDAQ,False
018310,삼목에스폼,KOSDAQ,False
012210,삼미금속,KOSDAQ,False
053700,삼보모터스,KOSDAQ,False
009620,삼보산업,KOSDAQ,False
023600,삼보판지,KOSDAQ,False
0044K0,삼성스팩10호,KOSDAQ,False
0071M0,삼성스팩11호,KOSDAQ,False
0096B0,삼성스팩12호,KOSDAQ,False
0115H0,삼성스팩13호,KOSDAQ,False
009300,삼아제약,KOSDAQ,False
482630,삼양엔씨켐,KOSDAQ,False
484590,삼양컴텍,KOSDAQ,False
036670,삼양케이씨아이,KOSDAQ,False
361670,삼영에스앤씨,KOSDAQ,False
054540,삼영엠텍,KOSDAQ,False
065570,삼영이엔씨,KOSDAQ,False
014950,삼익제약,KOSDAQ,False
032280,삼일,KOSDAQ,False
002290,삼일기업공사,KOSDAQ,False
037460,삼지전자,KOSDAQ,False
032750,삼진,KOSDAQ,False
0013V0,삼진식품,KOSDAQ,False
054090,삼진엘앤디,KOSDAQ,False
000250,삼천당제약,KOSDAQ,False
024950,삼천리자전거,KOSDAQ,False
038500,삼표시멘트,KOSDAQ,False
437730,삼현,KOSDAQ,False
017480,삼현철강,KOSDAQ,False
046390,삼화네트웍스,KOSDAQ,False
027580,상보,KOSDAQ,False
038540,상상인,KOSDAQ,False
452670,상상인제4호스팩,KOSDAQ,False
091580,상신이디피,KOSDAQ,False
263810,상신전자,KOSDAQ,False
089980,상아프론테크,KOSDAQ,False
042940,상지건설,KOSDAQ,False
042600,새로닉스,KOSDAQ,False
107600,새빗켐,KOSDAQ,False
411080,샌즈랩,KOSDAQ,False
252990,샘씨엔에스,KOSDAQ,False
378800,샤페론,KOSDAQ,False
294630,서남,KOSDAQ,False
038070,서린바이오,KOSDAQ,False
006730,서부T&D,KOSDAQ,False
079650,서산,KOSDAQ,False
100660,서암기계공업,KOSDAQ,False
019770,서연탑메탈,KOSDAQ,False
043710,서울리거,KOSDAQ,False
092190,서울바이오시스,KOSDAQ,False
046890,서울반도체,KOSDAQ,False
063170,서울옥션,KOSDAQ,False
027040,서울전자통신,KOSDAQ,False
018680,서울제약,KOSDAQ,False
036120,서울평가정보,KOSDAQ,False
093920,서원인텍,KOSDAQ,False
189860,서전기전,KOSDAQ,False
178320,서진시스템,KOSDAQ,False
122690,서진오토모티브,KOSDAQ,False
140070,서플러스글로벌,KOSDAQ,False
011370,서한,KOSDAQ,False
065710,서호전기,KOSDAQ,False
035890,서희건설,KOSDAQ,False
357550,석경에이티,KOSDAQ,False
003100,선광,KOSDAQ,False
067370,선바이오,KOSDAQ,False
217620,선샤인푸드,KOSDAQ,False
171090,선익시스템,KOSDAQ,False
086710,선진뷰티사이언스,KOSDAQ,False
014620,성광벤드,KOSDAQ,False
037350,성도이엔지,KOSDAQ,False
458650,성우,KOSDAQ,False
081580,성우전자,KOSDAQ,False
045300,성우테크론,KOSDAQ,False
015750,성우하이텍,KOSDAQ,False
365340,성일하이텍,KOSDAQ,False
080470,성창오토텍,KOSDAQ,False
043260,성호전자,KOSDAQ,False
148150,세경하이테크,KOSDAQ,False
061090,세나테크놀로지,KOSDAQ,False
188260,세니젠,KOSDAQ,False
053060,세동,KOSDAQ,False
340440,세림B&G,KOSDAQ,False
017510,세명전기,KOSDAQ,False
490470,세미파이브,KOSDAQ,False
011560,세보엠이씨,KOSDAQ,False
396300,세아메카닉스,KOSDAQ,False
100700,세운메디칼,KOSDAQ,False
024830,세원물산,KOSDAQ,True
258830,세종메디칼,KOSDAQ,False
036630,세종텔레콤,KOSDAQ,False
039310,세중,KOSDAQ,False
067770,세진티에스,KOSDAQ,False
053450,세코닉스,KOSDAQ,False
222810,세토피아,KOSDAQ,False
252500,세화피앤씨,KOSDAQ,False
321370,센서뷰,KOSDAQ,False
347000,센코,KOSDAQ,False
331920,셀레믹스,KOSDAQ,False
352770,셀레스트라,KOSDAQ,False
471820,셀로맥스사이언스,KOSDAQ,False
049180,셀루메드,KOSDAQ,False
299660,셀리드,KOSDAQ,False
108860,셀바스AI,KOSDAQ,False
208370,셀바스헬스케어,KOSDAQ,False
318160,셀바이오휴먼텍,KOSDAQ,False
308430,셀비온,KOSDAQ,False
068760,셀트리온제약,KOSDAQ,False
068940,셀피글로벌,KOSDAQ,False
007720,소노스퀘어,KOSDAQ,False
290690,소룩스,KOSDAQ,False
950200,소마젠,KOSDAQ,False
032680,소프트센,KOSDAQ,False
032685,소프트센우,KOSDAQ,False
258790,소프트캠프,KOSDAQ,True
066910,손오공,KOSDAQ,False
215090,솔디펜스,KOSDAQ,False
035610,솔본,KOSDAQ,False
357780,솔브레인,KOSDAQ,False
036830,솔브레인홀딩스,KOSDAQ,False
304100,솔트룩스,KOSDAQ,False
328380,솔트웨어,KOSDAQ,False
086980,쇼박스,KOSDAQ,False
050960,수산아이앤티,KOSDAQ,False
084180,수성웹툰,KOSDAQ,False
253840,수젠텍,KOSDAQ,False
298830,슈어소프트테크,KOSDAQ,False
236200,슈프리마,KOSDAQ,False
094840,슈프리마에이치큐,KOSDAQ,False
192440,슈피겐코리아,KOSDAQ,False
424960,스마트레이더시스템,KOSDAQ,False
099440,스맥,KOSDAQ,False
276040,스코넥,KOSDAQ,False
060240,스타코링크,KOSDAQ,False
115570,스타플렉스,KOSDAQ,False
078860,스테이지원엔터,KOSDAQ,False
330730,스톤브릿지벤처스,KOSDAQ,False
352090,스톰테크,KOSDAQ,False
253450,스튜디오드래곤,KOSDAQ,False
408900,스튜디오미르,KOSDAQ,False
204630,스튜디오산타클로스,KOSDAQ,False
415380,스튜디오삼익,KOSDAQ,False
013810,스페코,KOSDAQ,False
347700,스피어,KOSDAQ,False
049830,승일,KOSDAQ,False
020710,시공테크,KOSDAQ,False
033170,시그네틱스,KOSDAQ,False
048870,시너지이노베이션,KOSDAQ,False
025320,시노펙스,KOSDAQ,False
340810,시선AI,KOSDAQ,False
269620,시스웍,KOSDAQ,False
056090,시지메드텍,KOSDAQ,False
429270,시지트로닉스,KOSDAQ,False
418250,시큐레터,KOSDAQ,False
131090,시큐브,KOSDAQ,False
290520,신도기연,KOSDAQ,False
001000,신라섬유,KOSDAQ,False
025870,신라에스지,KOSDAQ,False
215600,신라젠,KOSDAQ,False
065350,신성델타테크,KOSDAQ,False
416180,신성에스티,KOSDAQ,False
162300,신스틸,KOSDAQ,False
290560,신시웨이,KOSDAQ,False
002800,신신제약,KOSDAQ,False
472220,신영스팩10호,KOSDAQ,False
0091W0,신영스팩11호,KOSDAQ,False
017000,신원종합개발,KOSDAQ,False
012790,신일제약,KOSDAQ,False
138070,신진에스엠,KOSDAQ,False
226330,신테카바이오,KOSDAQ,False
452980,신한제11호스팩,KOSDAQ,False
474660,신한제12호스팩,KOSDAQ,False
474930,신한제13호스팩,KOSDAQ,False
487360,신한제14호스팩,KOSDAQ,False
487830,신한제15호스팩,KOSDAQ,False
496070,신한제16호스팩,KOSDAQ,False
056700,신화인터텍,KOSDAQ,False
187270,신화콘텍,KOSDAQ,False
243840,신흥에스이씨,KOSDAQ,False
257720,실리콘투,KOSDAQ,False
222800,심텍,KOSDAQ,False
036710,심텍홀딩스,KOSDAQ,False
444530,심플랫폼,KOSDAQ,False
234030,싸이닉솔루션,KOSDAQ,False
160980,싸이맥스,KOSDAQ,False
356890,싸이버원,KOSDAQ,False
217330,싸이토젠,KOSDAQ,False
208640,썸에이지,KOSDAQ,False
222420,쎄노텍,KOSDAQ,False
037760,쎄니트,KOSDAQ,False
081180,쎄크,KOSDAQ,False
099320,쎄트렉아이,KOSDAQ,False
049960,쎌바이오텍,KOSDAQ,False
088280,쏘닉스,KOSDAQ,False
050890,쏠리드,KOSDAQ,False
394800,쓰리빌리언,KOSDAQ,False
177900,쓰리에이로직스,KOSDAQ,False
475400,씨메스,KOSDAQ,False
109670,씨싸이트,KOSDAQ,False
066790,씨씨에스,KOSDAQ,False
222080,씨아이에스,KOSDAQ,False
352480,씨앤씨인터내셔널,KOSDAQ,False
264660,씨앤지하이테크,KOSDAQ,False
352700,씨앤투스,KOSDAQ,False
458870,씨어스테크놀로지,KOSDAQ,False
297090,씨에스베어링,KOSDAQ,True
900120,씨엑스아이,KOSDAQ,False
359090,씨엔알리서치,KOSDAQ,False
115530,씨엔플러스,KOSDAQ,False
388210,씨엠티엑스,KOSDAQ,False
115480,씨유메디칼,KOSDAQ,False
376290,씨유테크,KOSDAQ,False
189330,씨이랩,KOSDAQ,True
096530,씨젠,KOSDAQ,False
101240,씨큐브,KOSDAQ,False
060590,씨티씨바이오,KOSDAQ,True
260930,씨티케이,KOSDAQ,False
413630,씨피시스템,KOSDAQ,False
013990,아가방컴퍼니,KOSDAQ,False
123860,아나패스,KOSDAQ,False
025980,아난티,KOSDAQ,False
0015N0,아로마티카,KOSDAQ,False
125210,아모그린텍,KOSDAQ,False
357580,아모센스,KOSDAQ,False
052710,아모텍,KOSDAQ,False
074430,아미노로직스,KOSDAQ,False
092040,아미코젠,KOSDAQ,False
083930,아바코,KOSDAQ,False
149950,아바텍,KOSDAQ,False
036010,아비코전자,KOSDAQ,False
050860,아세아텍,KOSDAQ,False
136410,아셈스,KOSDAQ,False
246720,아스타,KOSDAQ,False
450950,아스테라시스,KOSDAQ,False
067390,아스트,KOSDAQ,False
159010,아스플로,KOSDAQ,False
127710,아시아경제,KOSDAQ,False
154030,아시아종묘,KOSDAQ,False
227610,아우딘퓨쳐스,KOSDAQ,False
331740,아우토크립트,KOSDAQ,False
143160,아이디스,KOSDAQ,False
054800,아이디스홀딩스,KOSDAQ,False
332370,아이디피,KOSDAQ,False
066430,아이로보틱스,KOSDAQ,False
339950,아이비김영,KOSDAQ,False
469750,아이비젼웍스,KOSDAQ,False
460470,아이빔테크놀로지,KOSDAQ,False
099190,아이센스,KOSDAQ,False
461300,아이스크림미디어,KOSDAQ,False
289010,아이스크림에듀,KOSDAQ,False
214430,아이쓰리시스템,KOSDAQ,False
040910,아이씨디,KOSDAQ,False
368600,아이씨에이치,KOSDAQ,False
456010,아이씨티케이,KOSDAQ,False
052860,아이앤씨,KOSDAQ,False
464500,아이언디바이스,KOSDAQ,False
212710,아이에스티이,KOSDAQ,False
038880,아이에이,KOSDAQ,True
307180,아이엘,KOSDAQ,False
101390,아이엠,KOSDAQ,False
461030,아이엠비디엑스,KOSDAQ,False
451220,아이엠티,KOSDAQ,False
090150,아이윈,KOSDAQ,False
123010,아이윈플러스,KOSDAQ,False
031310,아이즈비전,KOSDAQ,False
462980,아이지넷,KOSDAQ,False
185490,아이진,KOSDAQ,False
059100,아이컴포넌트,KOSDAQ,False
262840,아이퀘스트,KOSDAQ,False
175250,아이큐어,KOSDAQ,False
052460,아이크래프트,KOSDAQ,False
119830,아이텍,KOSDAQ,False
052770,아이톡시,KOSDAQ,False
124500,아이티센글로벌,KOSDAQ,False
010280,아이티센엔텍,KOSDAQ,False
232830,아이티센피엔에스,KOSDAQ,False
372800,아이티아이즈,KOSDAQ,False
084850,아이티엠반도체,KOSDAQ,False
309710,아이티켐,KOSDAQ,False
114840,아이패밀리에스씨,KOSDAQ,False
027360,아주IB투자,KOSDAQ,False
032080,아즈텍WB,KOSDAQ,False
013310,아진산업,KOSDAQ,False
059120,아진엑스텍,KOSDAQ,False
0007C0,아크릴,KOSDAQ,False
203690,아크솔루션스,KOSDAQ,False
158430,아톤,KOSDAQ,False
200350,아티스트스튜디오,KOSDAQ,False
321820,아티스트컴퍼니,KOSDAQ,False
001540,안국약품,KOSDAQ,False
053800,안랩,KOSDAQ,False
065660,안트로젠,KOSDAQ,False
297570,알로이스,KOSDAQ,False
260660,알리코제약,KOSDAQ,False
354320,알멕,KOSDAQ,False
361570,알비더블유,KOSDAQ,False
131370,알서포트,KOSDAQ,False
140670,알에스오토메이션,KOSDAQ,False
096610,알에프세미,KOSDAQ,False
061040,알에프텍,KOSDAQ,False
148250,알엔투테크놀로지,KOSDAQ,False
476830,알지노믹스,KOSDAQ,False
347860,알체라,KOSDAQ,False
196170,알테오젠,KOSDAQ,False
123750,알톤,KOSDAQ,False
459550,알트,KOSDAQ,False
085810,알티캐스트,KOSDAQ,False
043100,알파AI,KOSDAQ,False
117670,알파칩스,KOSDAQ,False
314140,알피바이오,KOSDAQ,False
291650,압타머사이언스,KOSDAQ,False
293780,압타바이오,KOSDAQ,False
310200,애니플러스,KOSDAQ,False
179530,애드바이오텍,KOSDAQ,False
397810,애드포러스,KOSDAQ,False
900100,애머릿지,KOSDAQ,False
052790,액토즈소프트,KOSDAQ,False
290740,액트로,KOSDAQ,False
238090,앤디포스,KOSDAQ,False
138360,앤로보틱스,KOSDAQ,False
092600,앤씨앤,KOSDAQ,False
129890,앱코,KOSDAQ,False
174900,앱클론,KOSDAQ,False
109960,앱토크롬,KOSDAQ,False
270520,앱튼,KOSDAQ,False
255440,야스,KOSDAQ,False
030960,양지사,KOSDAQ,False
102120,어보브반도체,KOSDAQ,False
238120,얼라인드,KOSDAQ,False
019990,에너토크,KOSDAQ,False
435570,에르코스,KOSDAQ,False
270660,에브리봇,KOSDAQ,False
038680,에스넷,KOSDAQ,False
217480,에스디생명공학,KOSDAQ,True
121890,에스디시스템,KOSDAQ,False
304360,에스바이오메딕스,KOSDAQ,False
389500,에스비비테크,KOSDAQ,False
042110,에스씨디,KOSDAQ,False
298060,에스씨엠생명과학,KOSDAQ,False
065420,에스아이리소스,KOSDAQ,False
103230,에스앤더블류,KOSDAQ,False
260970,에스앤디,KOSDAQ,False
101490,에스앤에스텍,KOSDAQ,False
095910,에스에너지,KOSDAQ,False
275630,에스에스알,KOSDAQ,False
031330,에스에이엠티,KOSDAQ,False
060540,에스에이티,KOSDAQ,False
056190,에스에프에이,KOSDAQ,True
0008Z0,에스엔시스,KOSDAQ,False
246250,에스엘에스바이오,KOSDAQ,False
041510,에스엠,KOSDAQ,False
460870,에스엠씨지,KOSDAQ,False
007820,에스엠코어,KOSDAQ,False
464080,에스오에스랩,KOSDAQ,False
109610,에스와이,KOSDAQ,False
365330,에스와이스틸텍,KOSDAQ,False
306040,에스제이그룹,KOSDAQ,False
398120,에스지헬스케어,KOSDAQ,False
457940,에스케이증권제10호스팩,KOSDAQ,False
472230,에스케이증권제11호스팩,KOSDAQ,False
473000,에스케이증권제12호스팩,KOSDAQ,False
473950,에스케이증권제13호스팩,KOSDAQ,False
455910,에스케이증권제9호스팩,KOSDAQ,False
475660,에스켐,KOSDAQ,False
096630,에스코넥,KOSDAQ,False
069510,에스텍,KOSDAQ,False
488280,에스투더블유,KOSDAQ,False
234300,에스트래픽,KOSDAQ,False
039440,에스티아이,KOSDAQ,False
098660,에스티오,KOSDAQ,False
052020,에스티큐브,KOSDAQ,False
237690,에스티팜,KOSDAQ,True
050760,에스폴리텍,KOSDAQ,False
288620,에스퓨얼셀,KOSDAQ,False
443670,에스피소프트,KOSDAQ,False
317830,에스피시스템스,KOSDAQ,False
058610,에스피지,KOSDAQ,False
043340,에쎈테크,KOSDAQ,False
163280,에어레인,KOSDAQ,False
200710,에이디테크놀로지,KOSDAQ,False
475580,에이럭스,KOSDAQ,False
096690,에이루트,KOSDAQ,False
298380,에이비엘바이오,KOSDAQ,False
203400,에이비온,KOSDAQ,False
195990,에이비프로바이오,KOSDAQ,False
003800,에이스침대,KOSDAQ,False
088800,에이스테크,KOSDAQ,True
241840,에이스토리,KOSDAQ,False
364950,에이아이코리아,KOSDAQ,False
453860,에이에스텍,KOSDAQ,False
312610,에이에프더블류,KOSDAQ,False
172670,에이엘티,KOSDAQ,False
481070,에이유브랜즈,KOSDAQ,False
060900,에이전트AI,KOSDAQ,False
445090,에이직랜드,KOSDAQ,False
295310,에이치브이엠,KOSDAQ,False
072990,에이치시티,KOSDAQ,False
044990,에이치엔에스하이텍,KOSDAQ,False
239610,에이치엘사이언스,KOSDAQ,False
036170,에이치엠넥스,KOSDAQ,False
462020,에이치엠씨제6호스팩,KOSDAQ,False
477340,에이치엠씨제7호스팩,KOSDAQ,False
148930,에이치와이티씨,KOSDAQ,False
044780,에이치케이,KOSDAQ,False
357230,에이치피오,KOSDAQ,False
355690,에이텀,KOSDAQ,False
071670,에이테크솔루션,KOSDAQ,False
045660,에이텍,KOSDAQ,False
224110,에이텍모빌리티,KOSDAQ,False
021080,에이티넘인베스트,KOSDAQ,False
200470,에이팩트,KOSDAQ,False
262260,에이프로,KOSDAQ,False
397030,에이프릴바이오,KOSDAQ,False
0009K0,에임드바이오,KOSDAQ,False
230240,에치에프알,KOSDAQ,False
159910,에코글로우,KOSDAQ,False
230360,에코마케팅,KOSDAQ,False
038870,에코바이오,KOSDAQ,False
097780,에코볼트,KOSDAQ,False
448280,에코아이,KOSDAQ,False
101360,에코앤드림,KOSDAQ,False
128540,에코캡,KOSDAQ,False
086520,에코프로,KOSDAQ,False
247540,에코프로비엠,KOSDAQ,False
383310,에코프로에이치엔,KOSDAQ,False
038110,에코플라스틱,KOSDAQ,False
073540,에프알텍,KOSDAQ,False
064850,에프앤가이드,KOSDAQ,False
036810,에프에스티,KOSDAQ,True
173940,에프엔씨엔터,KOSDAQ,False
083500,에프엔에스테크,KOSDAQ,True
054940,엑사이엔씨,KOSDAQ,False
950130,엑세스바이오,KOSDAQ,False
373110,엑셀세라퓨틱스,KOSDAQ,False
205100,엑셈,KOSDAQ,False
356680,엑스게이트,KOSDAQ,False
070300,엑스큐어,KOSDAQ,True
317770,엑스페릭스,KOSDAQ,True
373200,엑스플러스,KOSDAQ,False
069920,엑시온그룹,KOSDAQ,False
092870,엑시콘,KOSDAQ,False
317870,엔바이오니아,KOSDAQ,False
067570,엔브이에이치코리아,KOSDAQ,False
0004V0,엔비알모션,KOSDAQ,False
236810,엔비티,KOSDAQ,False
333620,엔시스,KOSDAQ,False
101400,엔시트론,KOSDAQ,False
475230,엔알비,KOSDAQ,False
451700,엔에이치스팩29호,KOSDAQ,False
466910,엔에이치스팩30호,KOSDAQ,False
481890,엔에이치스팩31호,KOSDAQ,False
0054V0,엔에이치스팩32호,KOSDAQ,True
265740,엔에프씨,KOSDAQ,False
354200,엔젠바이오,KOSDAQ,False
455900,엔젤로보틱스,KOSDAQ,False
419080,엔젯,KOSDAQ,False
183490,엔지켐생명과학,KOSDAQ,False
182400,엔케이맥스,KOSDAQ,False
348370,엔켐,KOSDAQ,False
069410,엔텔스,KOSDAQ,False
227950,엔투텍,KOSDAQ,False
291230,엔피,KOSDAQ,False
048830,엔피케이,KOSDAQ,False
096870,엘디티,KOSDAQ,False
290650,엘앤씨바이오,KOSDAQ,False
156100,엘앤케이바이오,KOSDAQ,False
0041J0,엘에스스팩1호,KOSDAQ,False
073110,엘엠에스,KOSDAQ,False
083310,엘오티베큠,KOSDAQ,False
037950,엘컴텍,KOSDAQ,False
489500,엘케이켐,KOSDAQ,False
170920,엘티씨,KOSDAQ,False
058630,엠게임,KOSDAQ,False
226590,엠디바이스,KOSDAQ,False
058970,엠로,KOSDAQ,False
169330,엠브레인,KOSDAQ,False
373170,엠아이큐브솔루션,KOSDAQ,False
179290,엠아이텍,KOSDAQ,False
009780,엠에스씨,KOSDAQ,False
123040,엠에스오토텍,KOSDAQ,False
432980,엠에프씨,KOSDAQ,False
413390,엠오티,KOSDAQ,False
032790,엠젠솔루션,KOSDAQ,False
033160,엠케이전자,KOSDAQ,False
347890,엠투아이,KOSDAQ,False
033310,엠투엔,KOSDAQ,False
259630,엠플러스,KOSDAQ,False
105550,엣지파운드리,KOSDAQ,False
060850,영림원소프트랩,KOSDAQ,False
143540,영우디에스피,KOSDAQ,False
265560,영화테크,KOSDAQ,False
036000,예림당,KOSDAQ,False
250930,예선테크,KOSDAQ,False
053280,예스24,KOSDAQ,False
122640,예스티,KOSDAQ,False
476040,오가노이드사이언스,KOSDAQ,False
900300,오가닉티코스메틱,KOSDAQ,False
045060,오공,KOSDAQ,False
192410,오늘이엔엠,KOSDAQ,False
080520,오디텍,KOSDAQ,False
039830,오로라,KOSDAQ,False
322310,오로스테크놀로지,KOSDAQ,False
046120,오르비텍,KOSDAQ,False
475830,오름테라퓨틱,KOSDAQ,False
014940,오리엔탈정공,KOSDAQ,False
065500,오리엔트정공,KOSDAQ,False
010470,오리콤,KOSDAQ,False
417860,오브젠,KOSDAQ,False
352910,오비고,KOSDAQ,False
053980,오상자이엘,KOSDAQ,False
036220,오상헬스케어,KOSDAQ,False
052420,오성첨단소재,KOSDAQ,False
052300,오션인더블유,KOSDAQ,False
039200,오스코텍,KOSDAQ,False
226400,오스테오닉,KOSDAQ,False
031510,오스템,KOSDAQ,False
342870,오아,KOSDAQ,False
368970,오에스피,KOSDAQ,False
138080,오이솔루션,KOSDAQ,False
080580,오킨스전자,KOSDAQ,False
067170,오텍,KOSDAQ,False
353590,오토앤,KOSDAQ,False
173130,오파스넷,KOSDAQ,False
440320,오픈놀,KOSDAQ,False
049480,오픈베이스,KOSDAQ,False
394280,오픈엣지테크놀로지,KOSDAQ,False
476060,온코닉테라퓨틱스,KOSDAQ,False
382150,온코크로스,KOSDAQ,False
244460,올리패스,KOSDAQ,False
226950,올릭스,KOSDAQ,False
057540,옴니시스템,KOSDAQ,False
131030,옵투스제약,KOSDAQ,False
082210,옵트론텍,KOSDAQ,False
109080,옵티시스,KOSDAQ,False
380540,옵티코어,KOSDAQ,False
153710,옵티팜,KOSDAQ,False
432430,와이랩,KOSDAQ,False
338840,와이바이오로직스,KOSDAQ,False
122990,와이솔,KOSDAQ,False
232140,와이씨,KOSDAQ,False
112290,와이씨켐,KOSDAQ,False
065530,와이어블,KOSDAQ,False
067900,와이엔텍,KOSDAQ,False
007530,와이엠,KOSDAQ,False
155650,와이엠씨,KOSDAQ,False
273640,와이엠텍,KOSDAQ,False
251370,와이엠티,KOSDAQ,False
209640,와이제이링크,KOSDAQ,False
096250,와이즈넛,KOSDAQ,False
273060,와이즈버즈,KOSDAQ,False
019210,와이지-원,KOSDAQ,False
122870,와이지엔터테인먼트,KOSDAQ,False
079000,와토스코리아,KOSDAQ,True
403490,우듬지팜,KOSDAQ,False
032820,우리기술,KOSDAQ,False
041190,우리기술투자,KOSDAQ,False
115440,우리넷,KOSDAQ,False
046970,우리로,KOSDAQ,False
082850,우리바이오,KOSDAQ,False
215360,우리산업,KOSDAQ,False
072470,우리산업홀딩스,KOSDAQ,False
073560,우리손에프앤지,KOSDAQ,False
037400,우리엔터프라이즈,KOSDAQ,False
153490,우리이앤엘,KOSDAQ,False
101170,우림피티에스,KOSDAQ,False
066590,우수AMS,KOSDAQ,False
103840,우양,KOSDAQ,False
101970,우양에이치씨,KOSDAQ,False
046940,우원개발,KOSDAQ,False
215380,우정바이오,KOSDAQ,False
065680,우주일렉트로,KOSDAQ,False
018620,우진비앤지,KOSDAQ,False
457550,우진엔텍,KOSDAQ,False
396470,워트,KOSDAQ,False
307280,원바이오젠,KOSDAQ,False
032940,원익,KOSDAQ,False
240810,원익IPS,KOSDAQ,False
074600,원익QnC,KOSDAQ,False
104830,원익머트리얼즈,KOSDAQ,False
014190,원익큐브,KOSDAQ,False
217820,원익피앤이,KOSDAQ,False
030530,원익홀딩스,KOSDAQ,False
012620,원일특강,KOSDAQ,False
136150,원일티엔아이,KOSDAQ,False
382840,원준,KOSDAQ,False
336570,원텍,KOSDAQ,False
376980,원티드랩,KOSDAQ,False
008370,원풍,KOSDAQ,False
008290,원풍물산,KOSDAQ,False
101160,월덱스,KOSDAQ,False
336060,웨이버스,KOSDAQ,False
095270,웨이브일렉트로,KOSDAQ,False
289930,웨이비스,KOSDAQ,False
065950,웰크론,KOSDAQ,False
076080,웰크론한텍,KOSDAQ,False
043590,웰킵스하이텍,KOSDAQ,False
196700,웹스,KOSDAQ,False
069080,웹젠,KOSDAQ,False
053580,웹케시,KOSDAQ,False
479960,위너스,KOSDAQ,False
377460,위니아에이드,KOSDAQ,False
044340,위닉스,KOSDAQ,False
330350,위더스제약,KOSDAQ,False
348350,위드텍,KOSDAQ,False
112040,위메이드,KOSDAQ,False
101730,위메이드맥스,KOSDAQ,False
123420,위메이드플레이,KOSDAQ,False
065370,위세아이텍,KOSDAQ,False
038620,위즈코프,KOSDAQ,True
299900,위지윅스튜디오,KOSDAQ,False
036090,위지트,KOSDAQ,False
459100,위츠,KOSDAQ,False
136540,윈스테크넷,KOSDAQ,True
097800,윈팩,KOSDAQ,False
192390,윈하이텍,KOSDAQ,False
335870,윙스풋,KOSDAQ,False
900340,윙입푸드,KOSDAQ,False
036200,유니셈,KOSDAQ,False
018000,유니슨,KOSDAQ,False
203450,유니온바이오메트릭스,KOSDAQ,False
011320,유니크,KOSDAQ,False
086390,유니테스트,KOSDAQ,False
241690,유니테크노,KOSDAQ,False
142210,유니트론텍,KOSDAQ,False
389680,유디엠텍,KOSDAQ,False
088340,유라클,KOSDAQ,False
048430,유라테크,KOSDAQ,False
206650,유바이오로직스,KOSDAQ,False
089850,유비벨록스,KOSDAQ,False
084440,유비온,KOSDAQ,False
032620,유비케어,KOSDAQ,False
264450,유비쿼스,KOSDAQ,False
078070,유비쿼스홀딩스,KOSDAQ,False
024800,유성티엔에스,KOSDAQ,False
054930,유신,KOSDAQ,False
069330,유아이디,KOSDAQ,False
049520,유아이엘,KOSDAQ,False
444920,유안타제11호스팩,KOSDAQ,False
450940,유안타제14호스팩,KOSDAQ,False
473050,유안타제15호스팩,KOSDAQ,False
474490,유안타제16호스팩,KOSDAQ,False
493790,유안타제17호스팩,KOSDAQ,False
263770,유에스티,KOSDAQ,False
388720,유일로보틱스,KOSDAQ,False
340930,유일에너테크,KOSDAQ,False
023410,유진기업,KOSDAQ,False
056080,유진로봇,KOSDAQ,False
468760,유진스팩10호,KOSDAQ,False
488060,유진스팩11호,KOSDAQ,False
0105P0,유진스팩12호,KOSDAQ,False
084370,유진테크,KOSDAQ,False
240600,유진테크놀로지,KOSDAQ,False
221800,유투바이오,KOSDAQ,False
179900,유티아이,KOSDAQ,False
263050,유틸렉스,KOSDAQ,False
191410,육일씨엔에쓰,KOSDAQ,False
372170,윤성에프앤씨,KOSDAQ,False
146060,율촌,KOSDAQ,False
039020,이건홀딩스,KOSDAQ,False
067920,이글루,KOSDAQ,False
044960,이글벳,KOSDAQ,False
303530,이노뎁,KOSDAQ,True
296640,이노룰스,KOSDAQ,False
302430,이노메트리,KOSDAQ,False
462350,이노스페이스,KOSDAQ,False
274400,이노시뮬레이션,KOSDAQ,False
073490,이노와이어리스,KOSDAQ,False
215790,이노인스트루먼트,KOSDAQ,False
344860,이노진,KOSDAQ,False
469610,이노테크,KOSDAQ,False
088390,이녹스,KOSDAQ,False
272290,이녹스첨단소재,KOSDAQ,False
053350,이니텍,KOSDAQ,False
452400,이닉스,KOSDAQ,False
264850,이랜시스,KOSDAQ,False
054210,이랜텍,KOSDAQ,False
009730,이렘,KOSDAQ,False
065440,이루온,KOSDAQ,False
424870,이뮨온시아,KOSDAQ,False
115610,이미지스,KOSDAQ,False
478110,이베스트스팩6호,KOSDAQ,False
131400,이브이첨단소재,KOSDAQ,False
351330,이삭엔지니어링,KOSDAQ,False
080010,이상네트웍스,KOSDAQ,False
086890,이수앱지스,KOSDAQ,False
047560,이스트소프트,KOSDAQ,False
900110,이스트아시아홀딩스,KOSDAQ,False
239340,이스트에이드,KOSDAQ,False
067010,이씨에스,KOSDAQ,False
456070,이엔셀,KOSDAQ,False
102710,이엔에프테크놀로지,KOSDAQ,False
041520,이엘씨,KOSDAQ,False
063760,이엘피,KOSDAQ,False
123570,이엠넷,KOSDAQ,False
083470,이엠앤아이,KOSDAQ,False
095190,이엠코리아,KOSDAQ,False
091120,이엠텍,KOSDAQ,True
039030,이오테크닉스,KOSDAQ,False
294090,이오플로우,KOSDAQ,False
088290,이원컴포텍,KOSDAQ,False
353810,이지바이오,KOSDAQ,True
261520,이지스,KOSDAQ,False
099750,이지케어텍,KOSDAQ,False
377330,이지트로닉스,KOSDAQ,False
035810,이지홀딩스,KOSDAQ,False
092130,이크레더블,KOSDAQ,False
134060,이퓨쳐,KOSDAQ,False
001840,이화공영,KOSDAQ,False
041830,인바디,KOSDAQ,False
352940,인바이오,KOSDAQ,False
079950,인베니아,KOSDAQ,False
389470,인벤티지랩,KOSDAQ,False
277410,인산가,KOSDAQ,False
060150,인선이엔티,KOSDAQ,False
033230,인성정보,KOSDAQ,True
450520,인스웨이브,KOSDAQ,False
465480,인스피언,KOSDAQ,False
037330,인지디스플레,KOSDAQ,False
100030,인지소프트,KOSDAQ,False
211050,인카금융서비스,KOSDAQ,False
083640,인콘,KOSDAQ,False
064090,인크레더블버즈,KOSDAQ,False
216050,인크로스,KOSDAQ,False
049070,인탑스,KOSDAQ,False
119610,인터로조,KOSDAQ,False
017250,인터엠,KOSDAQ,False
051370,인터플렉스,KOSDAQ,False
064290,인텍플러스,KOSDAQ,False
189300,인텔리안테크,KOSDAQ,False
287840,인투셀,KOSDAQ,False
048530,인트론바이오,KOSDAQ,False
115310,인포바인,KOSDAQ,False
039290,인포뱅크,KOSDAQ,False
071200,인피니트헬스케어,KOSDAQ,False
101930,인화정공,KOSDAQ,False
333430,일승,KOSDAQ,False
068330,일신바이오,KOSDAQ,False
178780,일월지엠엘,KOSDAQ,False
019540,일지테크,KOSDAQ,False
094820,일진파워,KOSDAQ,False
950140,잉글우드랩,KOSDAQ,False
049550,잉크테크,KOSDAQ,False
389020,자람테크놀로지,KOSDAQ,False
254120,자비스,KOSDAQ,False
043910,자연과환경,KOSDAQ,False
234920,자이글,KOSDAQ,False
289220,자이언트스텝,KOSDAQ,False
049630,재영솔루텍,KOSDAQ,False
417840,저스템,KOSDAQ,True
110020,전진바이오팜,KOSDAQ,False
208140,정다운,KOSDAQ,False
040420,정상제이엘에스,KOSDAQ,False
045510,정원엔시스,KOSDAQ,False
217190,제너셈,KOSDAQ,False
095700,제넥신,KOSDAQ,False
122310,제노레이,KOSDAQ,False
361390,제노코,KOSDAQ,False
225220,제놀루션,KOSDAQ,True
123330,제닉,KOSDAQ,False
381620,제닉스로보틱스,KOSDAQ,True
159580,제로투세븐,KOSDAQ,False
147830,제룡산업,KOSDAQ,False
033100,제룡전기,KOSDAQ,False
079370,제우스,KOSDAQ,False
054950,제이브이엠,KOSDAQ,False
023440,제이스코홀딩스,KOSDAQ,False
090470,제이스텍,KOSDAQ,False
137950,제이씨케미칼,KOSDAQ,False
033320,제이씨현시스템,KOSDAQ,False
417500,제이아이테크,KOSDAQ,False
204270,제이앤티씨,KOSDAQ,True
127120,제이에스링크,KOSDAQ,False
026040,제이에스티나,KOSDAQ,False
452160,제이엔비,KOSDAQ,False
126880,제이엔케이글로벌,KOSDAQ,False
322510,제이엘케이,KOSDAQ,False
033050,제이엠아이,KOSDAQ,False
094970,제이엠티,KOSDAQ,False
418550,제이오,KOSDAQ,False
060230,제이케이시냅스,KOSDAQ,False
420570,제이투케이바이오,KOSDAQ,False
089790,제이티,KOSDAQ,False
0010V0,제이피아이헬스케어,KOSDAQ,False
052670,제일바이오,KOSDAQ,False
412540,제일엠앤에스,KOSDAQ,False
199820,제일일렉트릭,KOSDAQ,False
038010,제일테크노스,KOSDAQ,False
080220,제주반도체,KOSDAQ,True
216080,제테마,KOSDAQ,False
337930,젝시믹스,KOSDAQ,False
229000,젠큐릭스,KOSDAQ,False
082270,젬백스,KOSDAQ,False
034940,조아제약,KOSDAQ,False
067000,조이시티,KOSDAQ,False
309930,조이웍스앤코,KOSDAQ,False
033340,좋은사람들,KOSDAQ,False
036930,주성엔지니어링,KOSDAQ,False
072020,중앙백신,KOSDAQ,False
000440,중앙에너비스,KOSDAQ,False
051980,중앙첨단소재,KOSDAQ,False
228760,지노믹트리,KOSDAQ,False
314130,지놈앤컴퍼니,KOSDAQ,False
389030,지니너스,KOSDAQ,False
263860,지니언스,KOSDAQ,False
303030,지니틱스,KOSDAQ,False
036180,지더블유바이텍,KOSDAQ,False
208350,지란지교시큐리티,KOSDAQ,False
446840,지슨,KOSDAQ,False
144510,지씨셀,KOSDAQ,False
340450,지씨지놈,KOSDAQ,False
306620,지아이에스,KOSDAQ,False
358570,지아이이노베이션,KOSDAQ,False
382480,지아이텍,KOSDAQ,False
382800,지앤비에스 에코,KOSDAQ,True
051160,지어소프트,KOSDAQ,False
053050,지에스이,KOSDAQ,False
388610,지에프씨생명과학,KOSDAQ,False
493330,지에프아이,KOSDAQ,False
119850,지엔씨에너지,KOSDAQ,False
065060,지엔코,KOSDAQ,False
204840,지엘팜텍,KOSDAQ,False
311320,지오엘리먼트,KOSDAQ,False
456160,지투지바이오,KOSDAQ,False
388050,지투파워,KOSDAQ,False
018120,진로발효,KOSDAQ,False
109820,진매트릭스,KOSDAQ,True
086060,진바이오텍,KOSDAQ,False
036890,진성티이씨,KOSDAQ,False
363250,진시스템,KOSDAQ,False
007370,진양제약,KOSDAQ,False
285800,진영,KOSDAQ,False
085660,차바이오텍,KOSDAQ,False
261780,차백신연구소,KOSDAQ,False
351870,차이커뮤니케이션,KOSDAQ,False
094850,참좋은여행,KOSDAQ,False
004650,창해에탄올,KOSDAQ,False
278280,천보,KOSDAQ,False
362320,청담글로벌,KOSDAQ,False
066360,체리부로,KOSDAQ,False
047820,초록뱀미디어,KOSDAQ,False
094360,칩스앤미디어,KOSDAQ,True
016920,카스,KOSDAQ,False
284620,카이노스메드,KOSDAQ,False
293490,카카오게임즈,KOSDAQ,False
140430,카티스,KOSDAQ,False
042000,카페24,KOSDAQ,False
313760,캐리,KOSDAQ,False
317530,캐리소프트,KOSDAQ,False
071850,캐스텍코리아,KOSDAQ,False
198080,캐프,KOSDAQ,False
210120,캔버스엔,KOSDAQ,False
050110,캠시스,KOSDAQ,False
452300,캡스톤파트너스,KOSDAQ,False
451760,컨텍,KOSDAQ,False
900310,컬러레이,KOSDAQ,False
078340,컴투스,KOSDAQ,False
063080,컴투스홀딩스,KOSDAQ,False
307930,컴퍼니케이,KOSDAQ,False
079190,케스피온,KOSDAQ,False
263700,케어랩스,KOSDAQ,False
214370,케어젠,KOSDAQ,False
221980,케이디켐,KOSDAQ,False
038530,케이바이오,KOSDAQ,False
192250,케이사인,KOSDAQ,False
431190,케이쓰리아이,KOSDAQ,False
115500,케이씨에스,KOSDAQ,False
089150,케이씨티,KOSDAQ,False
025880,케이씨피드,KOSDAQ,False
093320,케이아이엔엑스,KOSDAQ,False
093640,케이알엠,KOSDAQ,False
073010,케이에스피,KOSDAQ,False
105330,케이엔더블유,KOSDAQ,False
053080,케이엔솔,KOSDAQ,False
199430,케이엔알시스템,KOSDAQ,False
432470,케이엔에스,KOSDAQ,False
272110,케이엔제이,KOSDAQ,False
039420,케이엘넷,KOSDAQ,False
083550,케이엠,KOSDAQ,False
032500,케이엠더블유,KOSDAQ,False
225430,케이엠제약,KOSDAQ,False
102370,케이옥션,KOSDAQ,False
068100,케이웨더,KOSDAQ,False
106080,케이이엠텍,KOSDAQ,False
455180,케이지에이,KOSDAQ,False
036030,케이티알파,KOSDAQ,False
064820,케이프,KOSDAQ,False
024880,케이피에프,KOSDAQ,False
042040,케이피엠테크,KOSDAQ,False
054410,케이피티유,KOSDAQ,False
258610,케일럼,KOSDAQ,False
274090,켄코아에어로스페이스,KOSDAQ,False
089010,켐트로닉스,KOSDAQ,False
220260,켐트로스,KOSDAQ,False
052400,코나아이,KOSDAQ,False
402030,코난테크놀로지,KOSDAQ,False
391710,코닉오토메이션,KOSDAQ,False
046070,코다코,KOSDAQ,False
047770,코데즈컴바인,KOSDAQ,False
080530,코디,KOSDAQ,False
104540,코렌텍,KOSDAQ,False
027050,코리아나,KOSDAQ,False
190650,코리아에셋투자증권,KOSDAQ,False
123410,코리아에프티,KOSDAQ,False
036690,코맥스,KOSDAQ,False
049430,코메론,KOSDAQ,False
183300,코미코,KOSDAQ,False
041960,코미팜,KOSDAQ,False
089890,코세스,KOSDAQ,False
360350,코셈,KOSDAQ,False
082660,코스나인,KOSDAQ,False
222040,코스맥스엔비티,KOSDAQ,False
241710,코스메카코리아,KOSDAQ,False
355150,코스텍시스,KOSDAQ,False
166480,코아스템켐온,KOSDAQ,False
045970,코아시아,KOSDAQ,False
196450,코아시아씨엠,KOSDAQ,False
384470,코어라인소프트,KOSDAQ,False
102940,코오롱생명과학,KOSDAQ,False
950160,코오롱티슈진,KOSDAQ,False
056360,코위버,KOSDAQ,False
282880,코윈테크,KOSDAQ,False
121850,코이즈,KOSDAQ,False
448710,코츠테크놀로지,KOSDAQ,False
126730,코칩,KOSDAQ,False
015710,코콤,KOSDAQ,False
052330,코텍,KOSDAQ,False
322780,코퍼스코리아,KOSDAQ,False
200130,콜마비앤에이치,KOSDAQ,False
294570,쿠콘,KOSDAQ,False
464490,쿼드메디슨,KOSDAQ,False
317690,퀀타매트릭스,KOSDAQ,False
432720,퀄리타스반도체,KOSDAQ,False
365270,큐라클,KOSDAQ,False
348080,큐라티스,KOSDAQ,False
060280,큐렉소,KOSDAQ,False
372320,큐로셀,KOSDAQ,False
051780,큐로홀딩스,KOSDAQ,False
115180,큐리언트,KOSDAQ,False
494120,큐리오시스,KOSDAQ,False
445680,큐리옥스바이오시스템즈,KOSDAQ,False
182360,큐브엔터,KOSDAQ,False
405100,큐알티,KOSDAQ,False
066310,큐에스아이,KOSDAQ,False
016600,큐캐피탈,KOSDAQ,False
355390,크라우드웍스,KOSDAQ,False
096240,크레버스,KOSDAQ,False
040350,크레오에스지,KOSDAQ,False
110790,크리스에프앤씨,KOSDAQ,False
900250,크리스탈신소재,KOSDAQ,False
045520,크린앤사이언스,KOSDAQ,False
214150,클래시스,KOSDAQ,False
466100,클로봇,KOSDAQ,False
237880,클리오,KOSDAQ,False
139670,키네마스터,KOSDAQ,False
475430,키스트론,KOSDAQ,False
487720,키움제10호스팩,KOSDAQ,False
489480,키움제11호스팩,KOSDAQ,False
466690,키움히어로제1호스팩,KOSDAQ,False
054780,키이스트,KOSDAQ,False
256940,킵스파마,KOSDAQ,False
219130,타이거일렉,KOSDAQ,False
336680,탑런토탈솔루션,KOSDAQ,False
360070,탑머티리얼,KOSDAQ,False
065130,탑엔지니어링,KOSDAQ,False
134580,탑코미디어,KOSDAQ,False
023160,태광,KOSDAQ,False
323280,태성,KOSDAQ,False
053620,태양,KOSDAQ,False
044490,태웅,KOSDAQ,False
124560,태웅로직스,KOSDAQ,False
191420,테고사이언스,KOSDAQ,False
950250,테라뷰,KOSDAQ,False
073640,테라사이언스,KOSDAQ,False
066700,테라젠이텍스,KOSDAQ,False
095610,테스,KOSDAQ,False
064520,테크엘,KOSDAQ,False
089030,테크윙,KOSDAQ,False
054450,텔레칩스,KOSDAQ,False
200230,텔콘RF제약,KOSDAQ,False
393210,토마토시스템,KOSDAQ,False
475960,토모큐브,KOSDAQ,False
215480,토박스코리아,KOSDAQ,False
051360,토비스,KOSDAQ,False
045340,토탈소프트,KOSDAQ,False
108230,톱텍,KOSDAQ,False
079970,투비소프트,KOSDAQ,False
199800,툴젠,KOSDAQ,False
417790,트루엔,KOSDAQ,False
290090,트윔,KOSDAQ,False
026150,특수건설,KOSDAQ,False
464280,티디에스팜,KOSDAQ,False
117730,티로보틱스,KOSDAQ,False
033830,티비씨,KOSDAQ,False
057680,티사이언티픽,KOSDAQ,False
204610,티쓰리,KOSDAQ,False
125020,티씨머티리얼즈,KOSDAQ,False
064760,티씨케이,KOSDAQ,False
246710,티앤알바이오팹,KOSDAQ,False
340570,티앤엘,KOSDAQ,False
043220,티에스넥스젠,KOSDAQ,False
277880,티에스아이,KOSDAQ,False
131290,티에스이,KOSDAQ,False
425420,티에프이,KOSDAQ,False
484810,티엑스알로보틱스,KOSDAQ,False
131100,티엔엔터테인먼트,KOSDAQ,False
356860,티엘비,KOSDAQ,False
321550,티움바이오,KOSDAQ,False
425040,티이엠씨,KOSDAQ,False
241790,티이엠씨씨엔에스,KOSDAQ,False
022220,티케이지애강,KOSDAQ,False
104480,티케이케미칼,KOSDAQ,False
081150,티플랙스,KOSDAQ,False
130740,티피씨글로벌,KOSDAQ,False
084730,팅크웨어,KOSDAQ,True
440110,파두,KOSDAQ,False
288330,파라택시스코리아,KOSDAQ,False
033540,파라텍,KOSDAQ,False
388870,파로스아이바이오,KOSDAQ,False
043200,파루,KOSDAQ,False
214450,파마리서치,KOSDAQ,True
177830,파버나인,KOSDAQ,False
037070,파세코,KOSDAQ,False
150900,파수,KOSDAQ,False
037030,파워넷,KOSDAQ,False
047310,파워로직스,KOSDAQ,False
368770,파이버프로,KOSDAQ,False
170790,파이오링크,KOSDAQ,False
049120,파인디앤씨,KOSDAQ,False
038950,파인디지털,KOSDAQ,False
387570,파인메딕스,KOSDAQ,False
441270,파인엠텍,KOSDAQ,False
106240,파인테크닉스,KOSDAQ,False
131760,파인텍,KOSDAQ,False
065690,파커스,KOSDAQ,False
140860,파크시스템스,KOSDAQ,False
091700,파트론,KOSDAQ,False
032800,판타지오,KOSDAQ,False
318010,팜스빌,KOSDAQ,False
027710,팜스토리,KOSDAQ,False
225590,패션플랫폼,KOSDAQ,False
054300,팬스타엔터프라이즈,KOSDAQ,False
068050,팬엔터테인먼트,KOSDAQ,False
222110,팬젠,KOSDAQ,False
271830,팸텍,KOSDAQ,False
263750,펄어비스,KOSDAQ,False
251970,펌텍코리아,KOSDAQ,False
0015S0,페스카로,KOSDAQ,False
168360,펨트론,KOSDAQ,False
087010,펩트론,KOSDAQ,False
064800,포니링크,KOSDAQ,False
119500,포메탈,KOSDAQ,False
389140,포바이포,KOSDAQ,False
105760,포스뱅크,KOSDAQ,False
009520,포스코엠텍,KOSDAQ,False
189690,포시에스,KOSDAQ,False
318020,포인트모바일,KOSDAQ,False
256630,포인트엔지니어링,KOSDAQ,False
331380,포커스에이아이,KOSDAQ,False
208710,포톤,KOSDAQ,False
472850,폰드그룹,KOSDAQ,False
039980,폴라리스AI,KOSDAQ,False
041910,폴라리스AI파마,KOSDAQ,False
234100,폴라리스세원,KOSDAQ,False
041020,폴라리스오피스,KOSDAQ,False
114630,폴라리스우노,KOSDAQ,False
290720,푸드나무,KOSDAQ,False
005670,푸드웰,KOSDAQ,False
094940,푸른기술,KOSDAQ,False
007330,푸른저축은행,KOSDAQ,False
093380,풍강,KOSDAQ,False
023900,풍국주정,KOSDAQ,False
371950,풍원정밀,KOSDAQ,False
370090,퓨런티어,KOSDAQ,False
445180,퓨릿,KOSDAQ,False
220100,퓨쳐켐,KOSDAQ,False
035200,프럼파스트,KOSDAQ,False
334970,프레스티지바이오로직스,KOSDAQ,False
227100,프로브잇,KOSDAQ,False
321260,프로이천,KOSDAQ,False
053610,프로텍,KOSDAQ,False
468530,프로티나,KOSDAQ,False
303360,프로티아,KOSDAQ,False
377220,프롬바이오,KOSDAQ,False
335810,프리시젼바이오,KOSDAQ,False
053160,프리엠스,KOSDAQ,False
405000,플라즈맵,KOSDAQ,False
041590,플래스크,KOSDAQ,False
367000,플래티어,KOSDAQ,False
075130,플랜티넷,KOSDAQ,False
237820,플레이디,KOSDAQ,False
023770,플레이위드,KOSDAQ,False
019570,플루토스,KOSDAQ,False
300080,플리토,KOSDAQ,False
033790,피노,KOSDAQ,False
032580,피델릭스,KOSDAQ,False
051380,피씨디렉트,KOSDAQ,False
241820,피씨엘,KOSDAQ,False
452450,피아이이,KOSDAQ,False
237750,피앤씨테크,KOSDAQ,False
460940,피앤에스로보틱스,KOSDAQ,False
319660,피에스케이,KOSDAQ,False
031980,피에스케이홀딩스,KOSDAQ,False
002230,피에스텍,KOSDAQ,False
043370,피에이치에이,KOSDAQ,False
239890,피엔에이치테크,KOSDAQ,True
347740,피엔케이피부임상연구센타,KOSDAQ,False
137400,피엔티,KOSDAQ,False
257370,피엔티엠에스,KOSDAQ,False
147760,피엠티,KOSDAQ,False
128660,피제이메탈,KOSDAQ,False
006140,피제이전자,KOSDAQ,False
376180,피코그램,KOSDAQ,False
304840,피플바이오,KOSDAQ,False
087600,픽셀플러스,KOSDAQ,False
291810,핀텔,KOSDAQ,False
378340,필에너지,KOSDAQ,False
161580,필옵틱스,KOSDAQ,False
347770,핌스,KOSDAQ,False
163730,핑거,KOSDAQ,False
417180,핑거스토리,KOSDAQ,False
469880,하나30호스팩,KOSDAQ,False
469900,하나31호스팩,KOSDAQ,False
475240,하나32호스팩,KOSDAQ,False
475250,하나33호스팩,KOSDAQ,True
484130,하나34호스팩,KOSDAQ,False
0041L0,하나35호스팩,KOSDAQ,False
0101C0,하나36호스팩,KOSDAQ,False
299030,하나기술,KOSDAQ,False
067310,하나마이크론,KOSDAQ,False
166090,하나머티리얼즈,KOSDAQ,False
136480,하림,KOSDAQ,False
003380,하림지주,KOSDAQ,False
450330,하스,KOSDAQ,False
101670,하이드로리튬,KOSDAQ,False
365590,하이딥,KOSDAQ,False
149980,하이로닉,KOSDAQ,False
013030,하이록코리아,KOSDAQ,False
126700,하이비젼시스템,KOSDAQ,False
160190,하이젠알앤엠,KOSDAQ,False
221840,하이즈항공,KOSDAQ,False
106190,하이텍팜,KOSDAQ,False
065650,하이퍼코퍼레이션,KOSDAQ,False
066130,하츠,KOSDAQ,True
004590,한국가구,KOSDAQ,False
039340,한국경제TV,KOSDAQ,False
034950,한국기업평가,KOSDAQ,True
222980,한국맥널티,KOSDAQ,False
256840,한국비엔씨,KOSDAQ,False
219750,한국비티비,KOSDAQ,False
025550,한국선재,KOSDAQ,False
017890,한국알콜,KOSDAQ,False
080720,한국유니온제약,KOSDAQ,False
041460,한국전자인증,KOSDAQ,False
101680,한국정밀기계,KOSDAQ,False
039740,한국정보공학,KOSDAQ,False
053300,한국정보인증,KOSDAQ,False
025770,한국정보통신,KOSDAQ,True
458610,한국제12호스팩,KOSDAQ,False
464440,한국제13호스팩,KOSDAQ,False
479880,한국제15호스팩,KOSDAQ,False
062970,한국첨단소재,KOSDAQ,False
023760,한국캐피탈,KOSDAQ,False
054040,한국컴퓨터,KOSDAQ,False
021650,한국큐빅,KOSDAQ,True
032300,한국파마,KOSDAQ,False
037230,한국팩키지,KOSDAQ,False
448900,한국피아이엠,KOSDAQ,False
030520,한글과컴퓨터,KOSDAQ,False
052600,한네트,KOSDAQ,False
256150,한독크린텍,KOSDAQ,False
092460,한라IMS,KOSDAQ,False
125490,한라캐스트,KOSDAQ,False
452190,한빛레이저,KOSDAQ,False
047080,한빛소프트,KOSDAQ,False
452280,한선엔지니어링,KOSDAQ,False
066980,한성크린텍,KOSDAQ,False
114810,한솔아이원스,KOSDAQ,True
070590,한솔인티큐브,KOSDAQ,False
042520,한스바이오메드,KOSDAQ,False
430690,한싹,KOSDAQ,False
078350,한양디지텍,KOSDAQ,False
045100,한양이엔지,KOSDAQ,False
320000,한울반도체,KOSDAQ,True
091440,한울소재과학,KOSDAQ,False
276730,한울앤제주,KOSDAQ,False
024740,한일단조,KOSDAQ,False
005860,한일사료,KOSDAQ,False
007770,한일화학,KOSDAQ,True
198940,한주라이트메탈,KOSDAQ,False
058450,한주에이알티,KOSDAQ,False
107640,한중엔시에스,KOSDAQ,False
079170,한창산업,KOSDAQ,False
054920,한컴위드,KOSDAQ,False
457370,한켐,KOSDAQ,False
002680,한탑,KOSDAQ,False
098070,한텍,KOSDAQ,False
455310,한화플러스제4호스팩,KOSDAQ,False
498390,한화플러스제5호스팩,KOSDAQ,False
034810,해성산업,KOSDAQ,False
03481K,해성산업1우,KOSDAQ,False
059270,해성에어로보틱스,KOSDAQ,False
076610,해성옵틱스,KOSDAQ,False
220180,핸디소프트,KOSDAQ,False
900270,헝셩그룹,KOSDAQ,False
214180,헥토이노베이션,KOSDAQ,False
234340,헥토파이낸셜,KOSDAQ,False
084990,헬릭스미스,KOSDAQ,False
187660,현대ADM,KOSDAQ,False
170030,현대공업,KOSDAQ,False
319400,현대무벡스,KOSDAQ,False
048410,현대바이오,KOSDAQ,False
052260,현대바이오랜드,KOSDAQ,False
016790,현대사료,KOSDAQ,False
041440,현대에버다임,KOSDAQ,False
039010,현대에이치티,KOSDAQ,False
090850,현대이지웰,KOSDAQ,False
460930,현대힘스,KOSDAQ,False
092300,현우산업,KOSDAQ,False
011080,형지I&C,KOSDAQ,False
308100,형지글로벌,KOSDAQ,False
064240,홈캐스트,KOSDAQ,False
039610,화성밸브,KOSDAQ,False
126640,화신정공,KOSDAQ,False
127980,화인써키트,KOSDAQ,False
061250,화일약품,KOSDAQ,False
097870,효성오앤비,KOSDAQ,False
290270,휴네시온,KOSDAQ,False
353190,휴럼,KOSDAQ,False
090710,휴림로봇,KOSDAQ,False
078590,휴림에이텍,KOSDAQ,False
205470,휴마시스,KOSDAQ,False
115160,휴맥스,KOSDAQ,False
028080,휴맥스홀딩스,KOSDAQ,True
175140,휴먼테크놀로지,KOSDAQ,False
200670,휴메딕스,KOSDAQ,False
065510,휴비츠,KOSDAQ,False
263920,휴엠앤씨,KOSDAQ,False
243070,휴온스,KOSDAQ,False
084110,휴온스글로벌,KOSDAQ,False
145020,휴젤,KOSDAQ,False
024060,흥구석유,KOSDAQ,False
010240,흥국,KOSDAQ,False
189980,흥국에프엔비,KOSDAQ,False
037440,희림,KOSDAQ,False
238490,힘스,KOSDAQ,False
